type,year,spend
Internet,2012.0454545454545,56830215579.76579
Internet,2012.090909090909,56868849522.84745
Internet,2012.1363636363637,56931821931.02894
Internet,2012.1818181818182,57033722140.069954
Internet,2012.2272727272727,57196690580.97857
Internet,2012.2727272727273,57452496045.65113
Internet,2012.3181818181818,57842468689.43299
Internet,2012.3636363636363,58411282437.68579
Internet,2012.409090909091,59189665968.06585
Internet,2012.4545454545455,60166733397.17691
Internet,2012.5,61268500000.0
Internet,2012.5454545454545,62370266602.82309
Internet,2012.590909090909,63347334031.93416
Internet,2012.6363636363637,64125717562.31421
Internet,2012.6818181818182,64694531310.56701
Internet,2012.7272727272727,65084503954.34888
Internet,2012.7727272727273,65340309419.02143
Internet,2012.8181818181818,65503277859.930046
Internet,2012.8636363636363,65605178068.97106
Internet,2012.909090909091,65668150477.15256
Internet,2012.9545454545455,65706784420.23421
Internet,2013.0,65767000000.0
Internet,2013.0454545454545,65841511509.340065
Internet,2013.090909090909,65889317632.3064
Internet,2013.1363636363637,65967240475.507965
Internet,2013.1818181818182,66093333064.95485
Internet,2013.2272727272727,66294992246.08585
Internet,2013.2727272727273,66611529118.176506
Internet,2013.3181818181818,67094086130.87224
Internet,2013.3636363636363,67797943356.53616
Internet,2013.409090909091,68761124844.11215
Internet,2013.4545454545455,69970160265.72975
Internet,2013.5,71333500000.0
Internet,2013.5454545454545,72696839734.27025
Internet,2013.590909090909,73905875155.88785
Internet,2013.6363636363637,74869056643.46384
Internet,2013.6818181818182,75572913869.12776
Internet,2013.7272727272727,76055470881.8235
Internet,2013.7727272727273,76372007753.91415
Internet,2013.8181818181818,76573666935.04515
Internet,2013.8636363636363,76699759524.49203
Internet,2013.909090909091,76777682367.6936
Internet,2013.9545454545455,76825488490.65994
Internet,2014.0,76900000000.0
Internet,2014.0454545454545,77012308046.36478
Internet,2014.090909090909,77084364193.42415
Internet,2014.1363636363637,77201813999.02689
Internet,2014.1818181818182,77391868025.67699
Internet,2014.2272727272727,77695820379.68152
Internet,2014.2727272727273,78172923018.21048
Internet,2014.3181818181818,78900260792.40775
Internet,2014.3636363636363,79961155017.1278
Internet,2014.409090909091,81412917733.01492
Internet,2014.4545454545455,83235245684.63351
Internet,2014.5,85290150000.0
Internet,2014.5454545454545,87345054315.36649
Internet,2014.590909090909,89167382266.98508
Internet,2014.6363636363637,90619144982.8722
Internet,2014.6818181818182,91680039207.59225
Internet,2014.7272727272727,92407376981.78952
Internet,2014.7727272727273,92884479620.31848
Internet,2014.8181818181818,93188431974.32301
Internet,2014.8636363636363,93378486000.97311
Internet,2014.909090909091,93495935806.57585
Internet,2014.9545454545455,93567991953.63522
Internet,2015.0,93680300000.0
Internet,2015.0454545454545,93825394315.18758
Internet,2015.090909090909,93918485929.28864
Internet,2015.1363636363637,94070223045.76819
Internet,2015.1818181818182,94315759850.45865
Internet,2015.2272727272727,94708445504.61647
Internet,2015.2727272727273,95324829484.68054
Internet,2015.3181818181818,96264500146.51749
Internet,2015.3636363636363,97635102930.59799
Internet,2015.409090909091,99510681073.88013
Internet,2015.4545454545455,101865004158.875
Internet,2015.5,104519800000.0
Internet,2015.5454545454545,107174595841.125
Internet,2015.590909090909,109528918926.11987
Internet,2015.6363636363637,111404497069.40201
Internet,2015.6818181818182,112775099853.48251
Internet,2015.7272727272727,113714770515.31946
Internet,2015.7727272727273,114331154495.38353
Internet,2015.8181818181818,114723840149.54135
Internet,2015.8636363636363,114969376954.23181
Internet,2015.909090909091,115121114070.71136
Internet,2015.9545454545455,115214205684.81244
Internet,2016.0,115359300000.0
Internet,2016.0454545454545,115571124046.75797
Internet,2016.090909090909,115707029043.39844
Internet,2016.1363636363637,115928550954.95323
Internet,2016.1818181818182,116287011584.7189
Internet,2016.2272727272727,116860295687.95877
Internet,2016.2727272727273,117760158296.94635
Internet,2016.3181818181818,119131989039.9546
Internet,2016.3636363636363,121132940130.6045
Internet,2016.409090909091,123871107727.36539
Internet,2016.4545454545455,127308197888.99315
Internet,2016.5,131183950000.0
Internet,2016.5454545454545,135059702111.00685
Internet,2016.590909090909,138496792272.6346
Internet,2016.6363636363637,141234959869.39548
Internet,2016.6818181818182,143235910960.04538
Internet,2016.7272727272727,144607741703.05365
Internet,2016.7727272727273,145507604312.04123
Internet,2016.8181818181818,146080888415.2811
Internet,2016.8636363636363,146439349045.04678
Internet,2016.909090909091,146660870956.60156
Internet,2016.9545454545455,146796775953.24203
Internet,2017.0,147008600000.0
Internet,2017.0454545454545,147235993625.86313
Internet,2017.090909090909,147381887968.03998
Internet,2017.1363636363637,147619692275.18805
Internet,2017.1818181818182,148004500627.11578
Internet,2017.2272727272727,148619922496.73175
Internet,2017.2727272727273,149585927181.12976
Internet,2017.3181818181818,151058590797.45465
Internet,2017.3636363636363,153206616626.63525
Internet,2017.409090909091,156146046155.8984
Internet,2017.4545454545455,159835770746.81827
Internet,2017.5,163996400000.0
Internet,2017.5454545454545,168157029253.18173
Internet,2017.590909090909,171846753844.1016
Internet,2017.6363636363637,174786183373.36475
Internet,2017.6818181818182,176934209202.54535
Internet,2017.7272727272727,178406872818.87024
Internet,2017.7727272727273,179372877503.26828
Internet,2017.8181818181818,179988299372.88422
Internet,2017.8636363636363,180373107724.81195
Internet,2017.909090909091,180610912031.96002
Internet,2017.9545454545455,180756806374.13687
Internet,2018.0,180984200000.0
Internet,2018.0454545454545,181217068377.9192
Internet,2018.090909090909,181366475287.11182
Internet,2018.1363636363637,181610004994.93704
Internet,2018.1818181818182,182004078031.8704
Internet,2018.2272727272727,182634316860.991
Internet,2018.2727272727273,183623579172.38715
Internet,2018.3181818181818,185131698787.66876
Internet,2018.3636363636363,187331440705.10883
Internet,2018.409090909091,190341640238.57907
Internet,2018.4545454545455,194120199013.89514
Internet,2018.5,198381000000.0
Internet,2018.5454545454545,202641800986.10486
Internet,2018.590909090909,206420359761.42093
Internet,2018.6363636363637,209430559294.89117
Internet,2018.6818181818182,211630301212.33124
Internet,2018.7272727272727,213138420827.61285
Internet,2018.7727272727273,214127683139.00903
Internet,2018.8181818181818,214757921968.1296
Internet,2018.8636363636363,215151995005.063
Internet,2018.909090909091,215395524712.88818
Internet,2018.9545454545455,215544931622.0808
Internet,2019.0,215777800000.0
Internet,2019.0454545454545,215741993247.55508
Internet,2019.090909090909,215719019856.92633
Internet,2019.1363636363637,215681573776.70282
Internet,2019.1818181818182,215620979565.48026
Internet,2019.2272727272727,215524071578.50003
Internet,2019.2727272727273,215371958736.88635
Internet,2019.3181818181818,215140064367.18167
Internet,2019.3636363636363,214801823447.636
Internet,2019.409090909091,214338963395.67053
Internet,2019.4545454545455,213757957421.92993
Internet,2019.5,213102800000.0
Internet,2019.5454545454545,212447642578.07007
Internet,2019.590909090909,211866636604.32947
Internet,2019.6363636363637,211403776552.364
Internet,2019.6818181818182,211065535632.81833
Internet,2019.7272727272727,210833641263.11365
Internet,2019.7727272727273,210681528421.49997
Internet,2019.8181818181818,210584620434.51974
Internet,2019.8636363636363,210524026223.29718
Internet,2019.909090909091,210486580143.07367
Internet,2019.9545454545455,210463606752.44492
Internet,2020.0,210427800000.0
Internet,2020.0454545454545,210594405807.34332
Internet,2020.090909090909,210701299061.59763
Internet,2020.1363636363637,210875532523.20734
Internet,2020.1818181818182,211157472291.3166
Internet,2020.2272727272727,211608377003.5965
Internet,2020.2727272727273,212316145261.08682
Internet,2020.3181818181818,213395130258.18878
Internet,2020.3636363636363,214968936806.664
Internet,2020.409090909091,217122585696.30542
Internet,2020.4545454545455,219825957622.4591
Internet,2020.5,222874350000.0
Internet,2020.5454545454545,225922742377.5409
Internet,2020.590909090909,228626114303.69458
Internet,2020.6363636363637,230779763193.336
Internet,2020.6818181818182,232353569741.81122
Internet,2020.7272727272727,233432554738.91318
Internet,2020.7727272727273,234140322996.4035
Internet,2020.8181818181818,234591227708.6834
Internet,2020.8636363636363,234873167476.79266
Internet,2020.909090909091,235047400938.40237
Internet,2020.9545454545455,235154294192.65668
Internet,2021.0,235320900000.0
Internet,2021.0454545454545,235463868665.734
Internet,2021.090909090909,235555596476.30914
Internet,2021.1363636363637,235705110625.48422
Internet,2021.1818181818182,235947050285.97202
Internet,2021.2272727272727,236333983047.2953
Internet,2021.2727272727273,236941336926.70578
Internet,2021.3181818181818,237867241298.48328
Internet,2021.3636363636363,239217764584.2371
Internet,2021.409090909091,241065865278.453
Internet,2021.4545454545455,243385697242.4647
Internet,2021.5,246001600000.0
Internet,2021.5454545454545,248617502757.5353
Internet,2021.590909090909,250937334721.547
Internet,2021.6363636363637,252785435415.7629
Internet,2021.6818181818182,254135958701.51672
Internet,2021.7272727272727,255061863073.29422
Internet,2021.7727272727273,255669216952.7047
Internet,2021.8181818181818,256056149714.02798
Internet,2021.8636363636363,256298089374.51578
Internet,2021.909090909091,256447603523.69086
Internet,2021.9545454545455,256539331334.266
Internet,2022.0,256682300000.0
Internet,2022.0454545454545,256798590961.94983
Internet,2022.090909090909,256873202522.9836
Internet,2022.1363636363637,256994817592.57532
Internet,2022.1818181818182,257191611734.1971
Internet,2022.2272727272727,257506343516.80948
Internet,2022.2727272727273,258000366221.1411
Internet,2022.3181818181818,258753498451.3031
Internet,2022.3636363636363,259852016446.34497
Internet,2022.409090909091,261355264772.87222
Internet,2022.4545454545455,263242220136.63528
Internet,2022.5,265370000000.0
Internet,2022.5454545454545,267497779863.36472
Internet,2022.590909090909,269384735227.12778
Internet,2022.6363636363637,270887983553.65503
Internet,2022.6818181818182,271986501548.6969
Internet,2022.7272727272727,272739633778.8589
Internet,2022.7727272727273,273233656483.19052
Internet,2022.8181818181818,273548388265.8029
Internet,2022.8636363636363,273745182407.42468
Internet,2022.909090909091,273866797477.0164
Internet,2022.9545454545455,273941409038.05017
Internet,2023.0,274057700000.0
Internet,2023.0454545454545,274185759001.72998
Internet,2023.090909090909,274267920864.21097
Internet,2023.1363636363637,274401842745.55167
Internet,2023.1818181818182,274618551429.52722
Internet,2023.2272727272727,274965132429.6176
Internet,2023.2727272727273,275509147659.07245
Internet,2023.3181818181818,276338492949.0946
Internet,2023.3636363636363,277548175244.8537
Internet,2023.409090909091,279203544474.0671
Internet,2023.4545454545455,281281449894.58307
Internet,2023.5,283624550000.0
Internet,2023.5454545454545,285967650105.41693
Internet,2023.590909090909,288045555525.9329
Internet,2023.6363636363637,289700924755.1463
Internet,2023.6818181818182,290910607050.9054
Internet,2023.7272727272727,291739952340.92755
Internet,2023.7727272727273,292283967570.3824
Internet,2023.8181818181818,292630548570.4728
Internet,2023.8636363636363,292847257254.4483
Internet,2023.909090909091,292981179135.789
Internet,2023.9545454545455,293063340998.27
Internet,2024.0,293191400000.0
Magazines,2012.0454545454545,19367535067.040543
Magazines,2012.090909090909,19365632784.414646
Magazines,2012.1363636363637,19362532108.986794
Magazines,2012.1818181818182,19357514681.77715
Magazines,2012.2272727272727,19349490338.18234
Magazines,2012.2727272727273,19336894826.250587
Magazines,2012.3181818181818,19317693105.5442
Magazines,2012.3636363636363,19289685492.953785
Magazines,2012.409090909091,19251358950.33309
Magazines,2012.4545454545455,19203249483.72242
Magazines,2012.5,19149000000.0
Magazines,2012.5454545454545,19094750516.27758
Magazines,2012.590909090909,19046641049.66691
Magazines,2012.6363636363637,19008314507.046215
Magazines,2012.6818181818182,18980306894.4558
Magazines,2012.7272727272727,18961105173.749413
Magazines,2012.7727272727273,18948509661.81766
Magazines,2012.8181818181818,18940485318.22285
Magazines,2012.8636363636363,18935467891.013206
Magazines,2012.909090909091,18932367215.585354
Magazines,2012.9545454545455,18930464932.959457
Magazines,2013.0,18927500000.0
Magazines,2013.0454545454545,18916252664.02174
Magazines,2013.090909090909,18909036442.909286
Magazines,2013.1363636363637,18897274174.158707
Magazines,2013.1818181818182,18878240796.222347
Magazines,2013.2272727272727,18847800820.1251
Magazines,2013.2727272727273,18800020328.4743
Magazines,2013.3181818181818,18727179489.541832
Magazines,2013.3636363636363,18620933907.24342
Magazines,2013.409090909091,18475543941.387722
Magazines,2013.4545454545455,18293042906.084717
Magazines,2013.5,18087250000.0
Magazines,2013.5454545454545,17881457093.915283
Magazines,2013.590909090909,17698956058.612278
Magazines,2013.6363636363637,17553566092.75658
Magazines,2013.6818181818182,17447320510.458168
Magazines,2013.7272727272727,17374479671.5257
Magazines,2013.7727272727273,17326699179.8749
Magazines,2013.8181818181818,17296259203.777653
Magazines,2013.8636363636363,17277225825.841293
Magazines,2013.909090909091,17265463557.090714
Magazines,2013.9545454545455,17258247335.97826
Magazines,2014.0,17247000000.0
Magazines,2014.0454545454545,17237595205.881195
Magazines,2014.090909090909,17231561148.215492
Magazines,2014.1363636363637,17221725777.76127
Magazines,2014.1818181818182,17205810453.348194
Magazines,2014.2272727272727,17180357163.010883
Magazines,2014.2727272727273,17140404085.434149
Magazines,2014.3181818181818,17079496053.97452
Magazines,2014.3636363636363,16990655653.947308
Magazines,2014.409090909091,16869083514.690884
Magazines,2014.4545454545455,16716479852.204845
Magazines,2014.5,16544400000.0
Magazines,2014.5454545454545,16372320147.795155
Magazines,2014.590909090909,16219716485.309116
Magazines,2014.6363636363637,16098144346.052692
Magazines,2014.6818181818182,16009303946.02548
Magazines,2014.7272727272727,15948395914.565851
Magazines,2014.7727272727273,15908442836.989117
Magazines,2014.8181818181818,15882989546.651806
Magazines,2014.8636363636363,15867074222.238731
Magazines,2014.909090909091,15857238851.78451
Magazines,2014.9545454545455,15851204794.118805
Magazines,2015.0,15841800000.0
Magazines,2015.0454545454545,15831527143.116316
Magazines,2015.090909090909,15824936141.756302
Magazines,2015.1363636363637,15814192966.329185
Magazines,2015.1818181818182,15796808657.019743
Magazines,2015.2272727272727,15769006027.259752
Magazines,2015.2727272727273,15725365279.485394
Magazines,2015.3181818181818,15658835434.988253
Magazines,2015.3636363636363,15561795063.509624
Magazines,2015.409090909091,15429001812.339195
Magazines,2015.4545454545455,15262312827.461727
Magazines,2015.5,15074350000.0
Magazines,2015.5454545454545,14886387172.538273
Magazines,2015.590909090909,14719698187.660805
Magazines,2015.6363636363637,14586904936.490376
Magazines,2015.6818181818182,14489864565.01175
Magazines,2015.7272727272727,14423334720.514606
Magazines,2015.7727272727273,14379693972.740248
Magazines,2015.8181818181818,14351891342.980257
Magazines,2015.8636363636363,14334507033.670815
Magazines,2015.909090909091,14323763858.243698
Magazines,2015.9545454545455,14317172856.883684
Magazines,2016.0,14306900000.0
Magazines,2016.0454545454545,14298831098.925682
Magazines,2016.090909090909,14293654141.964558
Magazines,2016.1363636363637,14285215825.269703
Magazines,2016.1818181818182,14271561174.606165
Magazines,2016.2272727272727,14249723367.297125
Magazines,2016.2727272727273,14215445378.16639
Magazines,2016.3181818181818,14163188957.210135
Magazines,2016.3636363636363,14086967788.499056
Magazines,2016.409090909091,13982664222.396334
Magazines,2016.4545454545455,13851736969.696957
Magazines,2016.5,13704100000.0
Magazines,2016.5454545454545,13556463030.303043
Magazines,2016.590909090909,13425535777.603666
Magazines,2016.6363636363637,13321232211.500942
Magazines,2016.6818181818182,13245011042.789865
Magazines,2016.7272727272727,13192754621.83361
Magazines,2016.7727272727273,13158476632.702875
Magazines,2016.8181818181818,13136638825.393835
Magazines,2016.8636363636363,13122984174.730297
Magazines,2016.909090909091,13114545858.035442
Magazines,2016.9545454545455,13109368901.074318
Magazines,2017.0,13101300000.0
Magazines,2017.0454545454545,13092626734.487219
Magazines,2017.090909090909,13087062021.045013
Magazines,2017.1363636363637,13077991670.510126
Magazines,2017.1818181818182,13063314280.169317
Magazines,2017.2272727272727,13039840810.949192
Magazines,2017.2727272727273,13002995384.510471
Magazines,2017.3181818181818,12946824933.351538
Magazines,2017.3636363636363,12864894763.699343
Magazines,2017.409090909091,12752778812.046623
Magazines,2017.4545454545455,12612045047.304483
Magazines,2017.5,12453350000.0
Magazines,2017.5454545454545,12294654952.695517
Magazines,2017.590909090909,12153921187.953377
Magazines,2017.6363636363637,12041805236.300657
Magazines,2017.6818181818182,11959875066.648462
Magazines,2017.7272727272727,11903704615.489529
Magazines,2017.7727272727273,11866859189.050808
Magazines,2017.8181818181818,11843385719.830683
Magazines,2017.8636363636363,11828708329.489874
Magazines,2017.909090909091,11819637978.954987
Magazines,2017.9545454545455,11814073265.512781
Magazines,2018.0,11805400000.0
Magazines,2018.0454545454545,11798658960.54906
Magazines,2018.090909090909,11794333951.382467
Magazines,2018.1363636363637,11787284289.326181
Magazines,2018.1818181818182,11775876721.187233
Magazines,2018.2272727272727,11757632660.535555
Magazines,2018.2727272727273,11728995641.082603
Magazines,2018.3181818181818,11685338816.939323
Magazines,2018.3636363636363,11621661012.422237
Magazines,2018.409090909091,11534522200.396141
Magazines,2018.4545454545455,11425141038.386507
Magazines,2018.5,11301800000.0
Magazines,2018.5454545454545,11178458961.613491
Magazines,2018.590909090909,11069077799.603859
Magazines,2018.6363636363637,10981938987.577763
Magazines,2018.6818181818182,10918261183.060677
Magazines,2018.7272727272727,10874604358.917397
Magazines,2018.7727272727273,10845967339.464445
Magazines,2018.8181818181818,10827723278.812767
Magazines,2018.8636363636363,10816315710.673819
Magazines,2018.909090909091,10809266048.617533
Magazines,2018.9545454545455,10804941039.45094
Magazines,2019.0,10798200000.0
Magazines,2019.0454545454545,10782684632.987324
Magazines,2019.090909090909,10772730069.59376
Magazines,2019.1363636363637,10756504368.06588
Magazines,2019.1818181818182,10730248386.672205
Magazines,2019.2272727272727,10688257340.799765
Magazines,2019.2727272727273,10622345567.074753
Magazines,2019.3181818181818,10521863786.168327
Magazines,2019.3636363636363,10375301150.712105
Magazines,2019.409090909091,10174739996.980078
Magazines,2019.4545454545455,9922985221.59214
Magazines,2019.5,9639100000.0
Magazines,2019.5454545454545,9355214778.40786
Magazines,2019.590909090909,9103460003.019922
Magazines,2019.6363636363637,8902898849.287895
Magazines,2019.6818181818182,8756336213.831673
Magazines,2019.7272727272727,8655854432.925247
Magazines,2019.7727272727273,8589942659.200235
Magazines,2019.8181818181818,8547951613.327795
Magazines,2019.8636363636363,8521695631.93412
Magazines,2019.909090909091,8505469930.40624
Magazines,2019.9545454545455,8495515367.012676
Magazines,2020.0,8480000000.0
Magazines,2020.0454545454545,8470692921.504689
Magazines,2020.090909090909,8464721557.577897
Magazines,2020.1363636363637,8454988376.426716
Magazines,2020.1818181818182,8439238411.917164
Magazines,2020.2272727272727,8414049580.759275
Magazines,2020.2727272727273,8374511614.862459
Magazines,2020.3181818181818,8314236416.636044
Magazines,2020.3636363636363,8226319066.594881
Magazines,2020.409090909091,8106010059.442884
Magazines,2020.4545454545455,7954991945.969299
Magazines,2020.5,7784700000.0
Magazines,2020.5454545454545,7614408054.030701
Magazines,2020.590909090909,7463389940.557116
Magazines,2020.6363636363637,7343080933.405119
Magazines,2020.6818181818182,7255163583.363956
Magazines,2020.7272727272727,7194888385.137541
Magazines,2020.7727272727273,7155350419.240725
Magazines,2020.8181818181818,7130161588.082836
Magazines,2020.8636363636363,7114411623.573284
Magazines,2020.909090909091,7104678442.422103
Magazines,2020.9545454545455,7098707078.49531
Magazines,2021.0,7089400000.0
Magazines,2021.0454545454545,7083357024.900463
Magazines,2021.090909090909,7079479889.498837
Magazines,2021.1363636363637,7073160251.025228
Magazines,2021.1818181818182,7062933986.8546
Magazines,2021.2272727272727,7046579179.107975
Magazines,2021.2727272727273,7020907649.25882
Magazines,2021.3181818181818,6981771681.70623
Magazines,2021.3636363636363,6924687994.555241
Magazines,2021.409090909091,6846572790.645031
Magazines,2021.4545454545455,6748518530.142155
Magazines,2021.5,6637950000.0
Magazines,2021.5454545454545,6527381469.857845
Magazines,2021.590909090909,6429327209.354969
Magazines,2021.6363636363637,6351212005.444759
Magazines,2021.6818181818182,6294128318.29377
Magazines,2021.7272727272727,6254992350.74118
Magazines,2021.7727272727273,6229320820.892025
Magazines,2021.8181818181818,6212966013.1454
Magazines,2021.8636363636363,6202739748.974772
Magazines,2021.909090909091,6196420110.501163
Magazines,2021.9545454545455,6192542975.099537
Magazines,2022.0,6186500000.0
Magazines,2022.0454545454545,6180051438.134452
Magazines,2022.090909090909,6175914080.775423
Magazines,2022.1363636363637,6169170286.701525
Magazines,2022.1818181818182,6158257665.671068
Magazines,2022.2272727272727,6140805171.193415
Magazines,2022.2727272727273,6113410643.549532
Magazines,2022.3181818181818,6071647984.63169
Magazines,2022.3636363636363,6010733007.812575
Magazines,2022.409090909091,5927374940.51001
Magazines,2022.4545454545455,5822739565.612987
Magazines,2022.5,5704750000.0
Magazines,2022.5454545454545,5586760434.387013
Magazines,2022.590909090909,5482125059.48999
Magazines,2022.6363636363637,5398766992.187425
Magazines,2022.6818181818182,5337852015.36831
Magazines,2022.7272727272727,5296089356.450468
Magazines,2022.7727272727273,5268694828.806585
Magazines,2022.8181818181818,5251242334.328932
Magazines,2022.8636363636363,5240329713.298475
Magazines,2022.909090909091,5233585919.224577
Magazines,2022.9545454545455,5229448561.865548
Magazines,2023.0,5223000000.0
Magazines,2023.0454545454545,5216127780.670944
Magazines,2023.090909090909,5211718607.306907
Magazines,2023.1363636363637,5204531759.610925
Magazines,2023.1818181818182,5192902201.464507
Magazines,2023.2272727272727,5174303113.421274
Magazines,2023.2727272727273,5145108820.754188
Magazines,2023.3181818181818,5100602439.667689
Magazines,2023.3636363636363,5035685472.155633
Magazines,2023.409090909091,4946850948.537289
Magazines,2023.4545454545455,4835341241.278065
Magazines,2023.5,4709600000.0
Magazines,2023.5454545454545,4583858758.721935
Magazines,2023.590909090909,4472349051.462711
Magazines,2023.6363636363637,4383514527.844367
Magazines,2023.6818181818182,4318597560.332311
Magazines,2023.7272727272727,4274091179.245813
Magazines,2023.7727272727273,4244896886.5787253
Magazines,2023.8181818181818,4226297798.535493
Magazines,2023.8636363636363,4214668240.3890758
Magazines,2023.909090909091,4207481392.6930933
Magazines,2023.9545454545455,4203072219.329056
Magazines,2024.0,4196200000.0
Newspapers,2012.0454545454545,24916972726.709282
Newspapers,2012.090909090909,24910860087.16535
Newspapers,2012.1363636363637,24900896630.11896
Newspapers,2012.1818181818182,24884774039.525444
Newspapers,2012.2272727272727,24858989269.531734
Newspapers,2012.2727272727273,24818515880.73976
Newspapers,2012.3181818181818,24756814640.501514
Newspapers,2012.3636363636363,24666817266.861652
Newspapers,2012.409090909091,24543661886.679813
Newspapers,2012.4545454545455,24389070857.96584
Newspapers,2012.5,24214750000.0
Newspapers,2012.5454545454545,24040429142.03416
Newspapers,2012.590909090909,23885838113.320187
Newspapers,2012.6363636363637,23762682733.138348
Newspapers,2012.6818181818182,23672685359.498486
Newspapers,2012.7272727272727,23610984119.26024
Newspapers,2012.7727272727273,23570510730.468266
Newspapers,2012.8181818181818,23544725960.474556
Newspapers,2012.8636363636363,23528603369.88104
Newspapers,2012.909090909091,23518639912.83465
Newspapers,2012.9545454545455,23512527273.290718
Newspapers,2013.0,23503000000.0
Newspapers,2013.0454545454545,23490784208.492996
Newspapers,2013.090909090909,23482946632.310642
Newspapers,2013.1363636363637,23470171569.57719
Newspapers,2013.1818181818182,23449499316.432625
Newspapers,2013.2272727272727,23416438296.276306
Newspapers,2013.2727272727273,23364543649.825226
Newspapers,2013.3181818181818,23285430826.72523
Newspapers,2013.3636363636363,23170036933.94864
Newspapers,2013.409090909091,23012128117.715485
Newspapers,2013.4545454545455,22813912771.309624
Newspapers,2013.5,22590400000.0
Newspapers,2013.5454545454545,22366887228.690376
Newspapers,2013.590909090909,22168671882.284515
Newspapers,2013.6363636363637,22010763066.05136
Newspapers,2013.6818181818182,21895369173.27477
Newspapers,2013.7272727272727,21816256350.174774
Newspapers,2013.7727272727273,21764361703.723694
Newspapers,2013.8181818181818,21731300683.567375
Newspapers,2013.8636363636363,21710628430.42281
Newspapers,2013.909090909091,21697853367.689358
Newspapers,2013.9545454545455,21690015791.507004
Newspapers,2014.0,21677800000.0
Newspapers,2014.0454545454545,21668372450.188053
Newspapers,2014.090909090909,21662323792.610546
Newspapers,2014.1363636363637,21652464624.647396
Newspapers,2014.1818181818182,21636510791.76364
Newspapers,2014.2272727272727,21610995915.04208
Newspapers,2014.2727272727273,21570946167.622078
Newspapers,2014.3181818181818,21509890764.039646
Newspapers,2014.3636363636363,21420835407.166367
Newspapers,2014.409090909091,21298969113.858223
Newspapers,2014.4545454545455,21145996213.93093
Newspapers,2014.5,20973500000.0
Newspapers,2014.5454545454545,20801003786.06907
Newspapers,2014.590909090909,20648030886.141777
Newspapers,2014.6363636363637,20526164592.833633
Newspapers,2014.6818181818182,20437109235.960354
Newspapers,2014.7272727272727,20376053832.377922
Newspapers,2014.7727272727273,20336004084.95792
Newspapers,2014.8181818181818,20310489208.23636
Newspapers,2014.8636363636363,20294535375.352604
Newspapers,2014.909090909091,20284676207.389454
Newspapers,2014.9545454545455,20278627549.811947
Newspapers,2015.0,20269200000.0
Newspapers,2015.0454545454545,20252690075.339973
Newspapers,2015.090909090909,20242097409.918854
Newspapers,2015.1363636363637,20224831617.265514
Newspapers,2015.1818181818182,20196892589.182552
Newspapers,2015.2272727272727,20152209856.045578
Newspapers,2015.2727272727273,20082073041.523598
Newspapers,2015.3181818181818,19975150231.95584
Newspapers,2015.3636363636363,19819192717.87448
Newspapers,2015.409090909091,19605775301.764496
Newspapers,2015.4545454545455,19337882678.208736
Newspapers,2015.5,19035800000.0
Newspapers,2015.5454545454545,18733717321.791264
Newspapers,2015.590909090909,18465824698.235504
Newspapers,2015.6363636363637,18252407282.12552
Newspapers,2015.6818181818182,18096449768.04416
Newspapers,2015.7272727272727,17989526958.476402
Newspapers,2015.7727272727273,17919390143.954422
Newspapers,2015.8181818181818,17874707410.817444
Newspapers,2015.8636363636363,17846768382.73449
Newspapers,2015.909090909091,17829502590.081146
Newspapers,2015.9545454545455,17818909924.660027
Newspapers,2016.0,17802400000.0
Newspapers,2016.0454545454545,17792843947.450306
Newspapers,2016.090909090909,17786712843.31204
Newspapers,2016.1363636363637,17776719289.416126
Newspapers,2016.1818181818182,17760547996.933212
Newspapers,2016.2272727272727,17734685338.27707
Newspapers,2016.2727272727273,17694089690.56567
Newspapers,2016.3181818181818,17632202067.93682
Newspapers,2016.3636363636363,17541932837.109283
Newspapers,2016.409090909091,17418405438.56792
Newspapers,2016.4545454545455,17263347433.090008
Newspapers,2016.5,17088500000.0
Newspapers,2016.5454545454545,16913652566.909992
Newspapers,2016.590909090909,16758594561.43208
Newspapers,2016.6363636363637,16635067162.890717
Newspapers,2016.6818181818182,16544797932.063179
Newspapers,2016.7272727272727,16482910309.434332
Newspapers,2016.7727272727273,16442314661.722929
Newspapers,2016.8181818181818,16416452003.066786
Newspapers,2016.8636363636363,16400280710.583874
Newspapers,2016.909090909091,16390287156.687962
Newspapers,2016.9545454545455,16384156052.549694
Newspapers,2017.0,16374600000.0
Newspapers,2017.0454545454545,16358302238.714273
Newspapers,2017.090909090909,16347845696.000242
Newspapers,2017.1363636363637,16330801780.121311
Newspapers,2017.1818181818182,16303221786.897371
Newspapers,2017.2272727272727,16259113256.225307
Newspapers,2017.2727272727273,16189877745.83027
Newspapers,2017.3181818181818,16084328964.583942
Newspapers,2017.3636363636363,15930375606.979141
Newspapers,2017.409090909091,15719700744.821924
Newspapers,2017.4545454545455,15455250717.409636
Newspapers,2017.5,15157050000.0
Newspapers,2017.5454545454545,14858849282.590364
Newspapers,2017.590909090909,14594399255.178076
Newspapers,2017.6363636363637,14383724393.020859
Newspapers,2017.6818181818182,14229771035.41606
Newspapers,2017.7272727272727,14124222254.16973
Newspapers,2017.7727272727273,14054986743.774693
Newspapers,2017.8181818181818,14010878213.102627
Newspapers,2017.8636363636363,13983298219.878689
Newspapers,2017.909090909091,13966254303.999758
Newspapers,2017.9545454545455,13955797761.285725
Newspapers,2018.0,13939500000.0
Newspapers,2018.0454545454545,13928838957.762707
Newspapers,2018.090909090909,13921998899.083729
Newspapers,2018.1363636363637,13910849766.151384
Newspapers,2018.1818181818182,13892808547.636164
Newspapers,2018.2272727272727,13863955326.615454
Newspapers,2018.2727272727273,13818665505.04416
Newspapers,2018.3181818181818,13749621665.51097
Newspapers,2018.3636363636363,13648914383.128855
Newspapers,2018.409090909091,13511103209.899734
Newspapers,2018.4545454545455,13338115468.671434
Newspapers,2018.5,13143050000.0
Newspapers,2018.5454545454545,12947984531.328566
Newspapers,2018.590909090909,12774996790.100266
Newspapers,2018.6363636363637,12637185616.871145
Newspapers,2018.6818181818182,12536478334.48903
Newspapers,2018.7272727272727,12467434494.95584
Newspapers,2018.7727272727273,12422144673.384546
Newspapers,2018.8181818181818,12393291452.363836
Newspapers,2018.8636363636363,12375250233.848616
Newspapers,2018.909090909091,12364101100.916271
Newspapers,2018.9545454545455,12357261042.237293
Newspapers,2019.0,12346600000.0
Newspapers,2019.0454545454545,12319230255.43023
Newspapers,2019.090909090909,12301669996.806452
Newspapers,2019.1363636363637,12273047192.981022
Newspapers,2019.1818181818182,12226730563.565403
Newspapers,2019.2272727272727,12152656634.22766
Newspapers,2019.2727272727273,12036385558.621126
Newspapers,2019.3181818181818,11859131570.682753
Newspapers,2019.3636363636363,11600589062.946287
Newspapers,2019.409090909091,11246790951.449543
Newspapers,2019.4545454545455,10802685189.016865
Newspapers,2019.5,10301900000.0
Newspapers,2019.5454545454545,9801114810.983137
Newspapers,2019.590909090909,9357009048.550459
Newspapers,2019.6363636363637,9003210937.053715
Newspapers,2019.6818181818182,8744668429.31725
Newspapers,2019.7272727272727,8567414441.378874
Newspapers,2019.7727272727273,8451143365.772342
Newspapers,2019.8181818181818,8377069436.434597
Newspapers,2019.8636363636363,8330752807.018978
Newspapers,2019.909090909091,8302130003.193548
Newspapers,2019.9545454545455,8284569744.569771
Newspapers,2020.0,8257200000.000001
Newspapers,2020.0454545454545,8245259953.9510765
Newspapers,2020.090909090909,8237599294.347023
Newspapers,2020.1363636363637,8225112601.427629
Newspapers,2020.1818181818182,8204906980.3395815
Newspapers,2020.2272727272727,8172592242.251222
Newspapers,2020.2727272727273,8121869006.842102
Newspapers,2020.3181818181818,8044541987.112543
Newspapers,2020.3636363636363,7931752865.529461
Newspapers,2020.409090909091,7777408504.275929
Newspapers,2020.4545454545455,7583667446.864109
Newspapers,2020.5,7365200000.0
Newspapers,2020.5454545454545,7146732553.135892
Newspapers,2020.590909090909,6952991495.7240715
Newspapers,2020.6363636363637,6798647134.47054
Newspapers,2020.6818181818182,6685858012.887458
Newspapers,2020.7272727272727,6608530993.157898
Newspapers,2020.7727272727273,6557807757.748779
Newspapers,2020.8181818181818,6525493019.660419
Newspapers,2020.8636363636363,6505287398.5723715
Newspapers,2020.909090909091,6492800705.652978
Newspapers,2020.9545454545455,6485140046.0489235
Newspapers,2021.0,6473200000.0
Newspapers,2021.0454545454545,6467033207.158364
Newspapers,2021.090909090909,6463076631.060171
Newspapers,2021.1363636363637,6456627506.140929
Newspapers,2021.1818181818182,6446191710.5857
Newspapers,2021.2272727272727,6429501800.45419
Newspapers,2021.2727272727273,6403304272.928426
Newspapers,2021.3181818181818,6363366427.648821
Newspapers,2021.3636363636363,6305113122.364823
Newspapers,2021.409090909091,6225397374.349687
Newspapers,2021.4545454545455,6125334027.769389
Newspapers,2021.5,6012500000.0
Newspapers,2021.5454545454545,5899665972.230611
Newspapers,2021.590909090909,5799602625.650313
Newspapers,2021.6363636363637,5719886877.635177
Newspapers,2021.6818181818182,5661633572.351179
Newspapers,2021.7272727272727,5621695727.071573
Newspapers,2021.7727272727273,5595498199.54581
Newspapers,2021.8181818181818,5578808289.4143
Newspapers,2021.8636363636363,5568372493.859071
Newspapers,2021.909090909091,5561923368.939829
Newspapers,2021.9545454545455,5557966792.841636
Newspapers,2022.0,5551800000.0
Newspapers,2022.0454545454545,5545224273.96689
Newspapers,2022.090909090909,5541005328.865442
Newspapers,2022.1363636363637,5534128548.712245
Newspapers,2022.1818181818182,5523000733.286793
Newspapers,2022.2272727272727,5505204079.603041
Newspapers,2022.2727272727273,5477269338.129128
Newspapers,2022.3181818181818,5434683129.11327
Newspapers,2022.3636363636363,5372566922.860255
Newspapers,2022.409090909091,5287565053.50398
Newspapers,2022.4545454545455,5180866292.905822
Newspapers,2022.5,5060550000.0
Newspapers,2022.5454545454545,4940233707.094178
Newspapers,2022.590909090909,4833534946.49602
Newspapers,2022.6363636363637,4748533077.139745
Newspapers,2022.6818181818182,4686416870.88673
Newspapers,2022.7272727272727,4643830661.870872
Newspapers,2022.7727272727273,4615895920.396959
Newspapers,2022.8181818181818,4598099266.713207
Newspapers,2022.8636363636363,4586971451.287755
Newspapers,2022.909090909091,4580094671.134558
Newspapers,2022.9545454545455,4575875726.03311
Newspapers,2023.0,4569300000.0
Newspapers,2023.0454545454545,4562296600.792829
Newspapers,2023.090909090909,4557803263.231347
Newspapers,2023.1363636363637,4550479229.895667
Newspapers,2023.1818181818182,4538627681.74178
Newspapers,2023.2272727272727,4519673566.306994
Newspapers,2023.2727272727273,4489922000.425771
Newspapers,2023.3181818181818,4444566062.396056
Newspapers,2023.3636363636363,4378409931.889029
Newspapers,2023.409090909091,4287879696.678437
Newspapers,2023.4545454545455,4174241444.1696205
Newspapers,2023.5,4046100000.0
Newspapers,2023.5454545454545,3917958555.8303795
Newspapers,2023.590909090909,3804320303.321563
Newspapers,2023.6363636363637,3713790068.1109715
Newspapers,2023.6818181818182,3647633937.603944
Newspapers,2023.7272727272727,3602277999.5742292
Newspapers,2023.7727272727273,3572526433.6930056
Newspapers,2023.8181818181818,3553572318.2582192
Newspapers,2023.8636363636363,3541720770.1043324
Newspapers,2023.909090909091,3534396736.768653
Newspapers,2023.9545454545455,3529903399.2071714
Newspapers,2024.0,3522900000.0
Other,2012.0454545454545,28898326658.7208
Other,2012.090909090909,28895264112.51586
Other,2012.1363636363637,28890272235.055035
Other,2012.1818181818182,28882194517.028133
Other,2012.2272727272727,28869275867.24976
Other,2012.2727272727273,28848997946.00885
Other,2012.3181818181818,28818084476.013824
Other,2012.3636363636363,28772994116.421307
Other,2012.409090909091,28711290978.27892
Other,2012.4545454545455,28633837995.013165
Other,2012.5,28546500000.0
Other,2012.5454545454545,28459162004.986835
Other,2012.590909090909,28381709021.72108
Other,2012.6363636363637,28320005883.578693
Other,2012.6818181818182,28274915523.986176
Other,2012.7272727272727,28244002053.99115
Other,2012.7727272727273,28223724132.75024
Other,2012.8181818181818,28210805482.971867
Other,2012.8636363636363,28202727764.944965
Other,2012.909090909091,28197735887.48414
Other,2012.9545454545455,28194673341.2792
Other,2013.0,28189900000.0
Other,2013.0454545454545,28194253699.52625
Other,2013.090909090909,28197047006.181202
Other,2013.1363636363637,28201600029.58034
Other,2013.1818181818182,28208967606.103756
Other,2013.2272727272727,28220750530.502007
Other,2013.2727272727273,28239245746.10382
Other,2013.3181818181818,28267441500.775387
Other,2013.3636363636363,28308567803.236034
Other,2013.409090909091,28364846394.60118
Other,2013.4545454545455,28435490205.053192
Other,2013.5,28515150000.0
Other,2013.5454545454545,28594809794.946808
Other,2013.590909090909,28665453605.39882
Other,2013.6363636363637,28721732196.763966
Other,2013.6818181818182,28762858499.224613
Other,2013.7272727272727,28791054253.89618
Other,2013.7727272727273,28809549469.497993
Other,2013.8181818181818,28821332393.896244
Other,2013.8636363636363,28828699970.41966
Other,2013.909090909091,28833252993.818798
Other,2013.9545454545455,28836046300.47375
Other,2014.0,28840400000.0
Other,2014.0454545454545,28842013646.357845
Other,2014.090909090909,28843048951.868237
Other,2014.1363636363637,28844736475.22186
Other,2014.1818181818182,28847467178.834152
Other,2014.2272727272727,28851834378.023113
Other,2014.2727272727273,28858689407.20312
Other,2014.3181818181818,28869139824.49953
Other,2014.3636363636363,28884382793.78971
Other,2014.409090909091,28905241776.692307
Other,2014.4545454545455,28931425055.247234
Other,2014.5,28960950000.0
Other,2014.5454545454545,28990474944.752766
Other,2014.590909090909,29016658223.307693
Other,2014.6363636363637,29037517206.21029
Other,2014.6818181818182,29052760175.50047
Other,2014.7272727272727,29063210592.79688
Other,2014.7727272727273,29070065621.97689
Other,2014.8181818181818,29074432821.165848
Other,2014.8636363636363,29077163524.77814
Other,2014.909090909091,29078851048.131763
Other,2014.9545454545455,29079886353.642155
Other,2015.0,29081500000.0
Other,2015.0454545454545,29073874834.941963
Other,2015.090909090909,29068982576.260963
Other,2015.1363636363637,29061008310.99019
Other,2015.1818181818182,29048104575.50498
Other,2015.2272727272727,29027467702.688797
Other,2015.2727272727273,28995074775.501797
Other,2015.3181818181818,28945692110.9402
Other,2015.3636363636363,28873662600.727417
Other,2015.409090909091,28775095038.633163
Other,2015.4545454545455,28651367916.038273
Other,2015.5,28511850000.0
Other,2015.5454545454545,28372332083.961727
Other,2015.590909090909,28248604961.366837
Other,2015.6363636363637,28150037399.272583
Other,2015.6818181818182,28078007889.0598
Other,2015.7272727272727,28028625224.498203
Other,2015.7727272727273,27996232297.311203
Other,2015.8181818181818,27975595424.49502
Other,2015.8636363636363,27962691689.00981
Other,2015.909090909091,27954717423.739037
Other,2015.9545454545455,27949825165.058037
Other,2016.0,27942200000.0
Other,2016.0454545454545,27937280085.285557
Other,2016.090909090909,27934123498.47225
Other,2016.1363636363637,27928978337.056866
Other,2016.1818181818182,27920652579.17468
Other,2016.2272727272727,27907337240.62717
Other,2016.2727272727273,27886436651.866383
Other,2016.3181818181818,27854573932.02154
Other,2016.3636363636363,27808098997.449947
Other,2016.409090909091,27744501161.150917
Other,2016.4545454545455,27664669854.36648
Other,2016.5,27574650000.0
Other,2016.5454545454545,27484630145.63352
Other,2016.590909090909,27404798838.849083
Other,2016.6363636363637,27341201002.550053
Other,2016.6818181818182,27294726067.97846
Other,2016.7272727272727,27262863348.133617
Other,2016.7727272727273,27241962759.37283
Other,2016.8181818181818,27228647420.82532
Other,2016.8636363636363,27220321662.943134
Other,2016.909090909091,27215176501.52775
Other,2016.9545454545455,27212019914.714443
Other,2017.0,27207100000.0
Other,2017.0454545454545,27202483940.71752
Other,2017.090909090909,27199522305.66768
Other,2017.1363636363637,27194694910.989147
Other,2017.1818181818182,27186883354.45079
Other,2017.2272727272727,27174390375.269432
Other,2017.2727272727273,27154780613.23935
Other,2017.3181818181818,27124885744.681347
Other,2017.3636363636363,27081281116.230755
Other,2017.409090909091,27021611101.681114
Other,2017.4545454545455,26946710200.72992
Other,2017.5,26862250000.0
Other,2017.5454545454545,26777789799.27008
Other,2017.590909090909,26702888898.318886
Other,2017.6363636363637,26643218883.769245
Other,2017.6818181818182,26599614255.318653
Other,2017.7272727272727,26569719386.76065
Other,2017.7727272727273,26550109624.730568
Other,2017.8181818181818,26537616645.54921
Other,2017.8636363636363,26529805089.010853
Other,2017.909090909091,26524977694.33232
Other,2017.9545454545455,26522016059.28248
Other,2018.0,26517400000.0
Other,2018.0454545454545,26516376663.093678
Other,2018.090909090909,26515720096.471783
Other,2018.1363636363637,26514649908.496796
Other,2018.1818181818182,26512918159.918118
Other,2018.2272727272727,26510148583.99115
Other,2018.2727272727273,26505801284.274754
Other,2018.3181818181818,26499173873.222816
Other,2018.3636363636363,26489507137.410007
Other,2018.409090909091,26476278856.672527
Other,2018.4545454545455,26459674031.740765
Other,2018.5,26440950000.0
Other,2018.5454545454545,26422225968.259235
Other,2018.590909090909,26405621143.327473
Other,2018.6363636363637,26392392862.589993
Other,2018.6818181818182,26382726126.777184
Other,2018.7272727272727,26376098715.725246
Other,2018.7727272727273,26371751416.00885
Other,2018.8181818181818,26368981840.081882
Other,2018.8636363636363,26367250091.503204
Other,2018.909090909091,26366179903.528217
Other,2018.9545454545455,26365523336.906322
Other,2019.0,26364500000.0
Other,2019.0454545454545,26330804842.021687
Other,2019.090909090909,26309186237.32628
Other,2019.1363636363637,26273948425.94585
Other,2019.1818181818182,26216927574.282295
Other,2019.2272727272727,26125734441.48754
Other,2019.2727272727273,25982591992.68305
Other,2019.3181818181818,25764372889.07965
Other,2019.3636363636363,25446078700.3969
Other,2019.409090909091,25010514414.11276
Other,2019.4545454545455,24463771502.935738
Other,2019.5,23847250000.0
Other,2019.5454545454545,23230728497.064262
Other,2019.590909090909,22683985585.88724
Other,2019.6363636363637,22248421299.6031
Other,2019.6818181818182,21930127110.92035
Other,2019.7272727272727,21711908007.316948
Other,2019.7727272727273,21568765558.51246
Other,2019.8181818181818,21477572425.717705
Other,2019.8636363636363,21420551574.05415
Other,2019.909090909091,21385313762.67372
Other,2019.9545454545455,21363695157.97831
Other,2020.0,21330000000.0
Other,2020.0454545454545,21328008207.564934
Other,2020.090909090909,21326730285.873135
Other,2020.1363636363637,21324647303.915283
Other,2020.1818181818182,21321276680.128395
Other,2020.2272727272727,21315886060.142357
Other,2020.2727272727273,21307424605.62568
Other,2020.3181818181818,21294525210.40622
Other,2020.3636363636363,21275710164.115227
Other,2020.409090909091,21249963033.00029
Other,2020.4545454545455,21217643896.96567
Other,2020.5,21181200000.0
Other,2020.5454545454545,21144756103.03433
Other,2020.590909090909,21112436966.99971
Other,2020.6363636363637,21086689835.884773
Other,2020.6818181818182,21067874789.59378
Other,2020.7272727272727,21054975394.37432
Other,2020.7727272727273,21046513939.857643
Other,2020.8181818181818,21041123319.871605
Other,2020.8636363636363,21037752696.084717
Other,2020.909090909091,21035669714.126865
Other,2020.9545454545455,21034391792.435066
Other,2021.0,21032400000.0
Other,2021.0454545454545,21029828606.67489
Other,2021.090909090909,21028178816.641327
Other,2021.1363636363637,21025489698.132565
Other,2021.1818181818182,21021138240.945328
Other,2021.2272727272727,21014178979.525177
Other,2021.2727272727273,21003255287.23584
Other,2021.3181818181818,20986602237.359104
Other,2021.3636363636363,20962312113.753597
Other,2021.409090909091,20929072705.90965
Other,2021.4545454545455,20887348875.047752
Other,2021.5,20840300000.0
Other,2021.5454545454545,20793251124.952248
Other,2021.590909090909,20751527294.09035
Other,2021.6363636363637,20718287886.246403
Other,2021.6818181818182,20693997762.640896
Other,2021.7272727272727,20677344712.76416
Other,2021.7727272727273,20666421020.474823
Other,2021.8181818181818,20659461759.054672
Other,2021.8636363636363,20655110301.867435
Other,2021.909090909091,20652421183.358673
Other,2021.9545454545455,20650771393.32511
Other,2022.0,20648200000.0
Other,2022.0454545454545,20645347506.93607
Other,2022.090909090909,20643517365.050842
Other,2022.1363636363637,20640534277.314156
Other,2022.1818181818182,20635707127.253773
Other,2022.2272727272727,20627987092.851723
Other,2022.2727272727273,20615869243.674946
Other,2022.3181818181818,20597395714.634174
Other,2022.3636363636363,20570450241.75373
Other,2022.409090909091,20533577166.21211
Other,2022.4545454545455,20487292166.95823
Other,2022.5,20435100000.0
Other,2022.5454545454545,20382907833.04177
Other,2022.590909090909,20336622833.78789
Other,2022.6363636363637,20299749758.24627
Other,2022.6818181818182,20272804285.365826
Other,2022.7272727272727,20254330756.325054
Other,2022.7727272727273,20242212907.148277
Other,2022.8181818181818,20234492872.746227
Other,2022.8636363636363,20229665722.685844
Other,2022.909090909091,20226682634.949158
Other,2022.9545454545455,20224852493.06393
Other,2023.0,20222000000.0
Other,2023.0454545454545,20218852352.210308
Other,2023.090909090909,20216832840.880833
Other,2023.1363636363637,20213541085.45483
Other,2023.1818181818182,20208214457.877636
Other,2023.2272727272727,20199695611.84459
Other,2023.2727272727273,20186323897.93601
Other,2023.3181818181818,20165938865.773
Other,2023.3636363636363,20136205276.15387
Other,2023.409090909091,20095516849.52969
Other,2023.4545454545455,20044442623.464233
Other,2023.5,19986850000.0
Other,2023.5454545454545,19929257376.535767
Other,2023.590909090909,19878183150.47031
Other,2023.6363636363637,19837494723.84613
Other,2023.6818181818182,19807761134.227
Other,2023.7272727272727,19787376102.06399
Other,2023.7727272727273,19774004388.15541
Other,2023.8181818181818,19765485542.122364
Other,2023.8636363636363,19760158914.54517
Other,2023.909090909091,19756867159.119167
Other,2023.9545454545455,19754847647.789692
Other,2024.0,19751700000.0
Radio,2012.0454545454545,16305426202.49601
Radio,2012.090909090909,16306662042.089085
Radio,2012.1363636363637,16308676431.22709
Radio,2012.1818181818182,16311936060.01024
Radio,2012.2272727272727,16317149166.300503
Radio,2012.2727272727273,16325331984.210114
Radio,2012.3181818181818,16337806600.957966
Radio,2012.3636363636363,16356002065.751469
Radio,2012.409090909091,16380901341.070284
Radio,2012.4545454545455,16412156204.480106
Radio,2012.5,16447400000.0
Radio,2012.5454545454545,16482643795.519894
Radio,2012.590909090909,16513898658.929716
Radio,2012.6363636363637,16538797934.248531
Radio,2012.6818181818182,16556993399.042034
Radio,2012.7272727272727,16569468015.789886
Radio,2012.7727272727273,16577650833.699497
Radio,2012.8181818181818,16582863939.98976
Radio,2012.8636363636363,16586123568.77291
Radio,2012.909090909091,16588137957.910915
Radio,2012.9545454545455,16589373797.50399
Radio,2013.0,16591300000.0
Radio,2013.0454545454545,16588450853.361532
Radio,2013.090909090909,16586622858.522156
Radio,2013.1363636363637,16583643270.419138
Radio,2013.1818181818182,16578821783.369148
Radio,2013.2272727272727,16571110805.78831
Radio,2013.2727272727273,16559007172.764957
Radio,2013.3181818181818,16540555316.095184
Radio,2013.3636363636363,16513641454.515635
Radio,2013.409090909091,16476811636.922792
Radio,2013.4545454545455,16430580937.29263
Radio,2013.5,16378450000.0
Radio,2013.5454545454545,16326319062.70737
Radio,2013.590909090909,16280088363.077208
Radio,2013.6363636363637,16243258545.484365
Radio,2013.6818181818182,16216344683.904816
Radio,2013.7272727272727,16197892827.235043
Radio,2013.7727272727273,16185789194.21169
Radio,2013.8181818181818,16178078216.630852
Radio,2013.8636363636363,16173256729.580862
Radio,2013.909090909091,16170277141.477844
Radio,2013.9545454545455,16168449146.638468
Radio,2014.0,16165600000.0
Radio,2014.0454545454545,16167073096.488436
Radio,2014.090909090909,16168018226.072994
Radio,2014.1363636363637,16169558764.812656
Radio,2014.1818181818182,16172051621.988373
Radio,2014.2272727272727,16176038434.686382
Radio,2014.2727272727273,16182296385.422676
Radio,2014.3181818181818,16191836563.137068
Radio,2014.3636363636363,16205751857.78978
Radio,2014.409090909091,16224794006.843536
Radio,2014.4545454545455,16248696701.202473
Radio,2014.5,16275650000.0
Radio,2014.5454545454545,16302603298.797527
Radio,2014.590909090909,16326505993.156464
Radio,2014.6363636363637,16345548142.21022
Radio,2014.6818181818182,16359463436.862932
Radio,2014.7272727272727,16369003614.577324
Radio,2014.7727272727273,16375261565.313618
Radio,2014.8181818181818,16379248378.011627
Radio,2014.8636363636363,16381741235.187344
Radio,2014.909090909091,16383281773.927006
Radio,2014.9545454545455,16384226903.511564
Radio,2015.0,16385700000.0
Radio,2015.0454545454545,16386831761.091297
Radio,2015.090909090909,16387557891.998833
Radio,2015.1363636363637,16388741468.10459
Radio,2015.1818181818182,16390656698.220055
Radio,2015.2272727272727,16393719715.154327
Radio,2015.2727272727273,16398527618.241592
Radio,2015.3181818181818,16405857214.11394
Radio,2015.3636363636363,16416548156.075655
Radio,2015.409090909091,16431177994.353666
Radio,2015.4545454545455,16449542127.093767
Radio,2015.5,16470250000.0
Radio,2015.5454545454545,16490957872.906233
Radio,2015.590909090909,16509322005.646334
Radio,2015.6363636363637,16523951843.924345
Radio,2015.6818181818182,16534642785.88606
Radio,2015.7272727272727,16541972381.758408
Radio,2015.7727272727273,16546780284.845673
Radio,2015.8181818181818,16549843301.779945
Radio,2015.8636363636363,16551758531.89541
Radio,2015.909090909091,16552942108.001167
Radio,2015.9545454545455,16553668238.908703
Radio,2016.0,16554800000.0
Radio,2016.0454545454545,16555852785.45039
Radio,2016.090909090909,16556528246.075792
Radio,2016.1363636363637,16557629230.827038
Radio,2016.1818181818182,16559410813.897188
Radio,2016.2272727272727,16562260089.850832
Radio,2016.2727272727273,16566732491.717342
Radio,2016.3181818181818,16573550619.634079
Radio,2016.3636363636363,16583495534.89474
Radio,2016.409090909091,16597104485.5815
Radio,2016.4545454545455,16614187147.201948
Radio,2016.5,16633450000.0
Radio,2016.5454545454545,16652712852.79805
Radio,2016.590909090909,16669795514.418499
Radio,2016.6363636363637,16683404465.105259
Radio,2016.6818181818182,16693349380.36592
Radio,2016.7272727272727,16700167508.282656
Radio,2016.7727272727273,16704639910.149166
Radio,2016.8181818181818,16707489186.10281
Radio,2016.8636363636363,16709270769.17296
Radio,2016.909090909091,16710371753.924206
Radio,2016.9545454545455,16711047214.549608
Radio,2017.0,16712099999.999998
Radio,2017.0454545454545,16707271777.34322
Radio,2017.090909090909,16704174019.586288
Radio,2017.1363636363637,16699124748.133345
Radio,2017.1818181818182,16690954156.73597
Radio,2017.2272727272727,16677886975.0897
Radio,2017.2727272727273,16657375908.932673
Radio,2017.3181818181818,16626107012.053244
Radio,2017.3636363636363,16580498227.126093
Radio,2017.409090909091,16518085658.623684
Radio,2017.4545454545455,16439742161.529016
Radio,2017.5,16351400000.0
Radio,2017.5454545454545,16263057838.470982
Radio,2017.590909090909,16184714341.376314
Radio,2017.6363636363637,16122301772.873905
Radio,2017.6818181818182,16076692987.946756
Radio,2017.7272727272727,16045424091.067326
Radio,2017.7727272727273,16024913024.910297
Radio,2017.8181818181818,16011845843.264029
Radio,2017.8636363636363,16003675251.866653
Radio,2017.909090909091,15998625980.41371
Radio,2017.9545454545455,15995528222.656778
Radio,2018.0,15990700000.0
Radio,2018.0454545454545,15993576587.327257
Radio,2018.090909090909,15995422187.942629
Radio,2018.1363636363637,15998430473.041706
Radio,2018.1818181818182,16003298396.776934
Radio,2018.2272727272727,16011083640.291718
Radio,2018.2727272727273,16023303845.77313
Radio,2018.3181818181818,16041933415.885107
Radio,2018.3636363636363,16069106490.131971
Radio,2018.409090909091,16106291022.904823
Radio,2018.4545454545455,16152966979.449444
Radio,2018.5,16205600000.0
Radio,2018.5454545454545,16258233020.550556
Radio,2018.590909090909,16304908977.095177
Radio,2018.6363636363637,16342093509.868029
Radio,2018.6818181818182,16369266584.114893
Radio,2018.7272727272727,16387896154.22687
Radio,2018.7727272727273,16400116359.708282
Radio,2018.8181818181818,16407901603.223066
Radio,2018.8636363636363,16412769526.958294
Radio,2018.909090909091,16415777812.057371
Radio,2018.9545454545455,16417623412.672743
Radio,2019.0,16420500000.0
Radio,2019.0454545454545,16391485821.958132
Radio,2019.090909090909,16372870505.002115
Radio,2019.1363636363637,16342527981.193336
Radio,2019.1818181818182,16293428548.469795
Radio,2019.2272727272727,16214904097.187931
Radio,2019.2727272727273,16091647203.789907
Radio,2019.3181818181818,15903743412.741919
Radio,2019.3636363636363,15629667111.747065
Radio,2019.409090909091,15254612044.218935
Radio,2019.4545454545455,14783823446.69316
Radio,2019.5,14252950000.0
Radio,2019.5454545454545,13722076553.306839
Radio,2019.590909090909,13251287955.781067
Radio,2019.6363636363637,12876232888.252935
Radio,2019.6818181818182,12602156587.258083
Radio,2019.7272727272727,12414252796.210093
Radio,2019.7727272727273,12290995902.812069
Radio,2019.8181818181818,12212471451.530205
Radio,2019.8636363636363,12163372018.806664
Radio,2019.909090909091,12133029494.997885
Radio,2019.9545454545455,12114414178.041866
Radio,2020.0,12085400000.0
Radio,2020.0454545454545,12079336946.34769
Radio,2020.090909090909,12075446928.670946
Radio,2020.1363636363637,12069106292.395342
Radio,2020.1818181818182,12058846050.162346
Radio,2020.2272727272727,12042436901.488441
Radio,2020.2727272727273,12016680074.718756
Radio,2020.3181818181818,11977414072.940165
Radio,2020.3636363636363,11920140717.983822
Radio,2020.409090909091,11841765966.380922
Radio,2020.4545454545455,11743385908.13576
Radio,2020.5,11632450000.0
Radio,2020.5454545454545,11521514091.86424
Radio,2020.590909090909,11423134033.619078
Radio,2020.6363636363637,11344759282.016178
Radio,2020.6818181818182,11287485927.059837
Radio,2020.7272727272727,11248219925.281244
Radio,2020.7727272727273,11222463098.511559
Radio,2020.8181818181818,11206053949.837654
Radio,2020.8636363636363,11195793707.604658
Radio,2020.909090909091,11189453071.329054
Radio,2020.9545454545455,11185563053.65231
Radio,2021.0,11179500000.0
Radio,2021.0454545454545,11178010840.669346
Radio,2021.090909090909,11177055405.264692
Radio,2021.1363636363637,11175498068.283434
Radio,2021.1818181818182,11172978028.657824
Radio,2021.2272727272727,11168947743.21799
Radio,2021.2727272727273,11162621554.945272
Radio,2021.3181818181818,11152977349.850079
Radio,2021.3636363636363,11138910320.953085
Radio,2021.409090909091,11119660533.745176
Radio,2021.4545454545455,11095497201.192413
Radio,2021.5,11068250000.0
Radio,2021.5454545454545,11041002798.807587
Radio,2021.590909090909,11016839466.254824
Radio,2021.6363636363637,10997589679.046915
Radio,2021.6818181818182,10983522650.149921
Radio,2021.7272727272727,10973878445.054728
Radio,2021.7727272727273,10967552256.78201
Radio,2021.8181818181818,10963521971.342176
Radio,2021.8636363636363,10961001931.716566
Radio,2021.909090909091,10959444594.735308
Radio,2021.9545454545455,10958489159.330654
Radio,2022.0,10957000000.0
Radio,2022.0454545454545,10955354897.242811
Radio,2022.090909090909,10954299409.5014
Radio,2022.1363636363637,10952578989.591318
Radio,2022.1818181818182,10949795053.681316
Radio,2022.2272727272727,10945342720.372953
Radio,2022.2727272727273,10938354059.350779
Radio,2022.3181818181818,10927699921.766964
Radio,2022.3636363636363,10912159806.248398
Radio,2022.409090909091,10890894198.627254
Radio,2022.4545454545455,10864200503.609415
Radio,2022.5,10834100000.0
Radio,2022.5454545454545,10803999496.390585
Radio,2022.590909090909,10777305801.372746
Radio,2022.6363636363637,10756040193.751602
Radio,2022.6818181818182,10740500078.233036
Radio,2022.7272727272727,10729845940.649221
Radio,2022.7727272727273,10722857279.627047
Radio,2022.8181818181818,10718404946.318684
Radio,2022.8636363636363,10715621010.408682
Radio,2022.909090909091,10713900590.4986
Radio,2022.9545454545455,10712845102.757189
Radio,2023.0,10711200000.0
Radio,2023.0454545454545,10709390253.110073
Radio,2023.090909090909,10708229130.712688
Radio,2023.1363636363637,10706336528.82625
Radio,2023.1818181818182,10703273972.804832
Radio,2023.2272727272727,10698376043.892786
Radio,2023.2727272727273,10690687948.122255
Radio,2023.3181818181818,10678967529.88522
Radio,2023.3636363636363,10661872138.36276
Radio,2023.409090909091,10638478239.661552
Radio,2023.4545454545455,10609113003.156982
Radio,2023.5,10576000000.0
Radio,2023.5454545454545,10542886996.843018
Radio,2023.590909090909,10513521760.338448
Radio,2023.6363636363637,10490127861.63724
Radio,2023.6818181818182,10473032470.11478
Radio,2023.7272727272727,10461312051.877745
Radio,2023.7727272727273,10453623956.107214
Radio,2023.8181818181818,10448726027.195168
Radio,2023.8636363636363,10445663471.17375
Radio,2023.909090909091,10443770869.287312
Radio,2023.9545454545455,10442609746.889927
Radio,2024.0,10440800000.0
TV,2012.0454545454545,60928057868.39591
TV,2012.090909090909,60936564034.656944
TV,2012.1363636363637,60950428883.3139
TV,2012.1818181818182,60972864597.89536
TV,2012.2272727272727,61008745912.177444
TV,2012.2727272727273,61065067468.804085
TV,2012.3181818181818,61150929068.23361
TV,2012.3636363636363,61276166720.10801
TV,2012.409090909091,61447546061.59182
TV,2012.4545454545455,61662670310.82224
TV,2012.5,61905250000.0
TV,2012.5454545454545,62147829689.17776
TV,2012.590909090909,62362953938.40818
TV,2012.6363636363637,62534333279.89199
TV,2012.6818181818182,62659570931.76639
TV,2012.7272727272727,62745432531.195915
TV,2012.7727272727273,62801754087.822556
TV,2012.8181818181818,62837635402.10464
TV,2012.8636363636363,62860071116.6861
TV,2012.909090909091,62873935965.343056
TV,2012.9545454545455,62882442131.60409
TV,2013.0,62895700000.0
TV,2013.0454545454545,62905779433.491974
TV,2013.090909090909,62912246335.60168
TV,2013.1363636363637,62922787232.20291
TV,2013.1818181818182,62939844219.51154
TV,2013.2272727272727,62967123365.00542
TV,2013.2727272727273,63009942419.11199
TV,2013.3181818181818,63075219600.56531
TV,2013.3636363636363,63170432838.85237
TV,2013.409090909091,63300725780.58321
TV,2013.4545454545455,63464276247.21001
TV,2013.5,63648700000.0
TV,2013.5454545454545,63833123752.78999
TV,2013.590909090909,63996674219.41679
TV,2013.6363636363637,64126967161.14763
TV,2013.6818181818182,64222180399.43469
TV,2013.7272727272727,64287457580.88801
TV,2013.7727272727273,64330276634.99458
TV,2013.8181818181818,64357555780.48846
TV,2013.8636363636363,64374612767.79709
TV,2013.909090909091,64385153664.39832
TV,2013.9545454545455,64391620566.508026
TV,2014.0,64401700000.0
TV,2014.0454545454545,64408261671.046165
TV,2014.090909090909,64412471598.55503
TV,2014.1363636363637,64419333680.24683
TV,2014.1818181818182,64430437711.02863
TV,2014.2272727272727,64448196326.063286
TV,2014.2727272727273,64476071359.692825
TV,2014.3181818181818,64518566544.75048
TV,2014.3636363636363,64580549983.53975
TV,2014.409090909091,64665370169.51115
TV,2014.4545454545455,64771840871.689705
TV,2014.5,64891900000.0
TV,2014.5454545454545,65011959128.310295
TV,2014.590909090909,65118429830.48885
TV,2014.6363636363637,65203250016.46025
TV,2014.6818181818182,65265233455.24952
TV,2014.7272727272727,65307728640.307175
TV,2014.7727272727273,65335603673.936714
TV,2014.8181818181818,65353362288.97137
TV,2014.8636363636363,65364466319.75317
TV,2014.909090909091,65371328401.44497
TV,2014.9545454545455,65375538328.953835
TV,2015.0,65382100000.0
TV,2015.0454545454545,65395873887.20218
TV,2015.090909090909,65404711127.93376
TV,2015.1363636363637,65419115620.10198
TV,2015.1818181818182,65442424570.88629
TV,2015.2272727272727,65479702446.999435
TV,2015.2727272727273,65538216134.48372
TV,2015.3181818181818,65627419613.521515
TV,2015.3636363636363,65757531727.993484
TV,2015.409090909091,65935581445.17945
TV,2015.4545454545455,66159078696.38658
TV,2015.5,66411100000.0
TV,2015.5454545454545,66663121303.61342
TV,2015.590909090909,66886618554.82055
TV,2015.6363636363637,67064668272.006516
TV,2015.6818181818182,67194780386.478485
TV,2015.7272727272727,67283983865.51628
TV,2015.7727272727273,67342497553.000565
TV,2015.8181818181818,67379775429.11371
TV,2015.8636363636363,67403084379.89802
TV,2015.909090909091,67417488872.06624
TV,2015.9545454545455,67426326112.79782
TV,2016.0,67440100000.0
TV,2016.0454545454545,67432376450.03338
TV,2016.090909090909,67427421068.20429
TV,2016.1363636363637,67419343913.70374
TV,2016.1818181818182,67406273685.71294
TV,2016.2272727272727,67385370542.35309
TV,2016.2727272727273,67352559660.255486
TV,2016.3181818181818,67302539827.98647
TV,2016.3636363636363,67229580945.527466
TV,2016.409090909091,67129741599.73903
TV,2016.4545454545455,67004418068.20694
TV,2016.5,66863100000.0
TV,2016.5454545454545,66721781931.79306
TV,2016.590909090909,66596458400.26097
TV,2016.6363636363637,66496619054.472534
TV,2016.6818181818182,66423660172.01353
TV,2016.7272727272727,66373640339.744514
TV,2016.7727272727273,66340829457.64691
TV,2016.8181818181818,66319926314.28706
TV,2016.8636363636363,66306856086.29626
TV,2016.909090909091,66298778931.79571
TV,2016.9545454545455,66293823549.96662
TV,2017.0,66286100000.0
TV,2017.0454545454545,66276407413.29145
TV,2017.090909090909,66270188709.68237
TV,2017.1363636363637,66260052370.7329
TV,2017.1818181818182,66243650027.42589
TV,2017.2272727272727,66217417850.46425
TV,2017.2727272727273,66176242183.69324
TV,2017.3181818181818,66113470328.32757
TV,2017.3636363636363,66021911356.42364
TV,2017.409090909091,65896619033.571976
TV,2017.4545454545455,65739345603.446526
TV,2017.5,65562000000.0
TV,2017.5454545454545,65384654396.553474
TV,2017.590909090909,65227380966.428024
TV,2017.6363636363637,65102088643.57636
TV,2017.6818181818182,65010529671.67243
TV,2017.7272727272727,64947757816.30676
TV,2017.7727272727273,64906582149.53575
TV,2017.8181818181818,64880349972.57411
TV,2017.8636363636363,64863947629.2671
TV,2017.909090909091,64853811290.31763
TV,2017.9545454545455,64847592586.70855
TV,2018.0,64837900000.0
TV,2018.0454545454545,64838977548.99881
TV,2018.090909090909,64839668897.76353
TV,2018.1363636363637,64840795779.803894
TV,2018.1818181818182,64842619269.15097
TV,2018.2272727272727,64845535565.58159
TV,2018.2727272727273,64850113166.98342
TV,2018.3181818181818,64857091670.445564
TV,2018.3636363636363,64867270509.332825
TV,2018.409090909091,64881199568.84057
TV,2018.4545454545455,64898684047.6765
TV,2018.5,64918400000.0
TV,2018.5454545454545,64938115952.3235
TV,2018.590909090909,64955600431.15943
TV,2018.6363636363637,64969529490.667175
TV,2018.6818181818182,64979708329.554436
TV,2018.7272727272727,64986686833.01658
TV,2018.7727272727273,64991264434.41841
TV,2018.8181818181818,64994180730.84903
TV,2018.8636363636363,64996004220.196106
TV,2018.909090909091,64997131102.23647
TV,2018.9545454545455,64997822451.00119
TV,2019.0,64998900000.0
TV,2019.0454545454545,64915650304.49319
TV,2019.090909090909,64862237815.3951
TV,2019.1363636363637,64775176728.765526
TV,2019.1818181818182,64634296886.57618
TV,2019.2272727272727,64408988533.89352
TV,2019.2727272727273,64055330441.98776
TV,2019.3181818181818,63516182534.13569
TV,2019.3636363636363,62729781879.58225
TV,2019.409090909091,61653645236.14718
TV,2019.4545454545455,60302822637.08739
TV,2019.5,58779600000.0
TV,2019.5454545454545,57256377362.91261
TV,2019.590909090909,55905554763.85282
TV,2019.6363636363637,54829418120.41774
TV,2019.6818181818182,54043017465.86431
TV,2019.7272727272727,53503869558.01224
TV,2019.7727272727273,53150211466.106476
TV,2019.8181818181818,52924903113.42382
TV,2019.8636363636363,52784023271.234474
TV,2019.909090909091,52696962184.6049
TV,2019.9545454545455,52643549695.506805
TV,2020.0,52560300000.0
TV,2020.0454545454545,52564466299.70037
TV,2020.090909090909,52567139371.787544
TV,2020.1363636363637,52571496415.7014
TV,2020.1818181818182,52578546863.64272
TV,2020.2272727272727,52589822606.05303
TV,2020.2727272727273,52607521717.063225
TV,2020.3181818181818,52634503818.95877
TV,2020.3636363636363,52673859888.56946
TV,2020.409090909091,52727716034.80282
TV,2020.4545454545455,52795319066.32684
TV,2020.5,52871550000.0
TV,2020.5454545454545,52947780933.67316
TV,2020.590909090909,53015383965.19718
TV,2020.6363636363637,53069240111.43054
TV,2020.6818181818182,53108596181.04123
TV,2020.7272727272727,53135578282.936775
TV,2020.7727272727273,53153277393.94697
TV,2020.8181818181818,53164553136.35728
TV,2020.8636363636363,53171603584.2986
TV,2020.909090909091,53175960628.212456
TV,2020.9545454545455,53178633700.29963
TV,2021.0,53182800000.0
TV,2021.0454545454545,53171079479.461395
TV,2021.090909090909,53163559666.06531
TV,2021.1363636363637,53151302549.11439
TV,2021.1818181818182,53131468421.508224
TV,2021.2272727272727,53099747810.89144
TV,2021.2727272727273,53049957155.1468
TV,2021.3181818181818,52974051842.954865
TV,2021.3636363636363,52863336422.71031
TV,2021.409090909091,52711829782.896866
TV,2021.4545454545455,52521650780.80069
TV,2021.5,52307200000.0
TV,2021.5454545454545,52092749219.19931
TV,2021.590909090909,51902570217.103134
TV,2021.6363636363637,51751063577.28969
TV,2021.6818181818182,51640348157.045135
TV,2021.7272727272727,51564442844.8532
TV,2021.7727272727273,51514652189.10855
TV,2021.8181818181818,51482931578.491776
TV,2021.8636363636363,51463097450.88561
TV,2021.909090909091,51450840333.93469
TV,2021.9545454545455,51443320520.538605
TV,2022.0,51431600000.0
TV,2022.0454545454545,51435773661.83639
TV,2022.090909090909,51438451457.42444
TV,2022.1363636363637,51442816200.532364
TV,2022.1818181818182,51449879107.09654
TV,2022.2272727272727,51461174774.51353
TV,2022.2727272727273,51478905161.06125
TV,2022.3181818181818,51505934942.17299
TV,2022.3636363636363,51545360556.645645
TV,2022.409090909091,51599311870.366325
TV,2022.4545454545455,51667034361.06252
TV,2022.5,51743400000.0
TV,2022.5454545454545,51819765638.93748
TV,2022.590909090909,51887488129.633675
TV,2022.6363636363637,51941439443.354355
TV,2022.6818181818182,51980865057.82701
TV,2022.7272727272727,52007894838.93875
TV,2022.7727272727273,52025625225.48647
TV,2022.8181818181818,52036920892.90346
TV,2022.8636363636363,52043983799.467636
TV,2022.909090909091,52048348542.57556
TV,2022.9545454545455,52051026338.16361
TV,2023.0,52055200000.0
TV,2023.0454545454545,52056147038.405785
TV,2023.090909090909,52056754652.38223
TV,2023.1363636363637,52057745048.70963
TV,2023.1818181818182,52059347680.65131
TV,2023.2272727272727,52061910761.05463
TV,2023.2727272727273,52065933932.47301
TV,2023.3181818181818,52072067213.46613
TV,2023.3636363636363,52081013211.6186
TV,2023.409090909091,52093255211.123856
TV,2023.4545454545455,52108622004.63494
TV,2023.5,52125950000.0
TV,2023.5454545454545,52143277995.36506
TV,2023.590909090909,52158644788.876144
TV,2023.6363636363637,52170886788.3814
TV,2023.6818181818182,52179832786.53387
TV,2023.7272727272727,52185966067.52699
TV,2023.7727272727273,52189989238.94537
TV,2023.8181818181818,52192552319.34869
TV,2023.8636363636363,52194154951.29037
TV,2023.909090909091,52195145347.61777
TV,2023.9545454545455,52195752961.594215
TV,2024.0,52196700000.0
dummy_1,2012.0454545454545,88026582948.43584
dummy_2,2012.0454545454545,88026582948.43584
dummy_1,2012.090909090909,88007933708.15532
dummy_2,2012.090909090909,88007933708.15532
dummy_1,2012.1363636363637,87977535890.13464
dummy_2,2012.1363636363637,87977535890.13464
dummy_1,2012.1818181818182,87928346981.84685
dummy_2,2012.1818181818182,87928346981.84685
dummy_1,2012.2272727272727,87849679432.78983
dummy_2,2012.2272727272727,87849679432.78983
dummy_1,2012.2727272727273,87726197924.16774
dummy_2,2012.2727272727273,87726197924.16774
dummy_1,2012.3181818181818,87537951709.65794
dummy_2,2012.3181818181818,87537951709.65794
dummy_1,2012.3636363636363,87263375950.109
dummy_2,2012.3636363636363,87263375950.109
dummy_1,2012.409090909091,86887637406.99011
dummy_2,2012.409090909091,86887637406.99011
dummy_1,2012.4545454545455,86415990875.40967
dummy_2,2012.4545454545455,86415990875.40967
dummy_1,2012.5,85884150000.0
dummy_2,2012.5,85884150000.0
dummy_1,2012.5454545454545,85352309124.59033
dummy_2,2012.5454545454545,85352309124.59033
dummy_1,2012.590909090909,84880662593.00989
dummy_2,2012.590909090909,84880662593.00989
dummy_1,2012.6363636363637,84504924049.891
dummy_2,2012.6363636363637,84504924049.891
dummy_1,2012.6818181818182,84230348290.34206
dummy_2,2012.6818181818182,84230348290.34206
dummy_1,2012.7272727272727,84042102075.83224
dummy_2,2012.7272727272727,84042102075.83224
dummy_1,2012.7727272727273,83918620567.21017
dummy_2,2012.7727272727273,83918620567.21017
dummy_1,2012.8181818181818,83839953018.15315
dummy_2,2012.8181818181818,83839953018.15315
dummy_1,2012.8636363636363,83790764109.86536
dummy_2,2012.8636363636363,83790764109.86536
dummy_1,2012.909090909091,83760366291.84467
dummy_2,2012.909090909091,83760366291.84467
dummy_1,2012.9545454545455,83741717051.56416
dummy_2,2012.9545454545455,83741717051.56416
dummy_1,2013.0,83712650000.0
dummy_2,2013.0,83712650000.0
dummy_1,2013.0454545454545,83681333815.88272
dummy_2,2013.0454545454545,83681333815.88272
dummy_1,2013.090909090909,83661241546.08432
dummy_2,2013.090909090909,83661241546.08432
dummy_1,2013.1363636363637,83628491624.27687
dummy_2,2013.1363636363637,83628491624.27687
dummy_1,2013.1818181818182,83575496606.70287
dummy_2,2013.1818181818182,83575496606.70287
dummy_1,2013.2272727272727,83490741968.10852
dummy_2,2013.2272727272727,83490741968.10852
dummy_1,2013.2727272727273,83357705782.77159
dummy_2,2013.2727272727273,83357705782.77159
dummy_1,2013.3181818181818,83154893567.7124
dummy_2,2013.3181818181818,83154893567.7124
dummy_1,2013.3636363636363,82859071852.83386
dummy_2,2013.3636363636363,82859071852.83386
dummy_1,2013.409090909091,82454259642.33873
dummy_2,2013.409090909091,82454259642.33873
dummy_1,2013.4545454545455,81946118333.66003
dummy_2,2013.4545454545455,81946118333.66003
dummy_1,2013.5,81373125000.0
dummy_2,2013.5,81373125000.0
dummy_1,2013.5454545454545,80800131666.33997
dummy_2,2013.5454545454545,80800131666.33997
dummy_1,2013.590909090909,80291990357.66127
dummy_2,2013.590909090909,80291990357.66127
dummy_1,2013.6363636363637,79887178147.16614
dummy_2,2013.6363636363637,79887178147.16614
dummy_1,2013.6818181818182,79591356432.28758
dummy_2,2013.6818181818182,79591356432.28758
dummy_1,2013.7272727272727,79388544217.2284
dummy_2,2013.7272727272727,79388544217.2284
dummy_1,2013.7727272727273,79255508031.89148
dummy_2,2013.7727272727273,79255508031.89148
dummy_1,2013.8181818181818,79170753393.29713
dummy_2,2013.8181818181818,79170753393.29713
dummy_1,2013.8636363636363,79117758375.72313
dummy_2,2013.8636363636363,79117758375.72313
dummy_1,2013.909090909091,79085008453.91568
dummy_2,2013.909090909091,79085008453.91568
dummy_1,2013.9545454545455,79064916184.11728
dummy_2,2013.9545454545455,79064916184.11728
dummy_1,2014.0,79033600000.0
dummy_2,2014.0,79033600000.0
dummy_1,2014.0454545454545,78982037941.83676
dummy_2,2014.0454545454545,78982037941.83676
dummy_1,2014.090909090909,78948956044.62677
dummy_2,2014.090909090909,78948956044.62677
dummy_1,2014.1363636363637,78895033339.14156
dummy_2,2014.1363636363637,78895033339.14156
dummy_1,2014.1818181818182,78807777108.68001
dummy_2,2014.1818181818182,78807777108.68001
dummy_1,2014.2272727272727,78668228701.74637
dummy_2,2014.2272727272727,78668228701.74637
dummy_1,2014.2727272727273,78449184788.20734
dummy_2,2014.2727272727273,78449184788.20734
dummy_1,2014.3181818181818,78115254728.5955
dummy_2,2014.3181818181818,78115254728.5955
dummy_1,2014.3636363636363,77628184643.31964
dummy_2,2014.3636363636363,77628184643.31964
dummy_1,2014.409090909091,76961661842.69449
dummy_2,2014.409090909091,76961661842.69449
dummy_1,2014.4545454545455,76125007810.54565
dummy_2,2014.4545454545455,76125007810.54565
dummy_1,2014.5,75181575000.0
dummy_2,2014.5,75181575000.0
dummy_1,2014.5454545454545,74238142189.45435
dummy_2,2014.5454545454545,74238142189.45435
dummy_1,2014.590909090909,73401488157.30551
dummy_2,2014.590909090909,73401488157.30551
dummy_1,2014.6363636363637,72734965356.68036
dummy_2,2014.6363636363637,72734965356.68036
dummy_1,2014.6818181818182,72247895271.4045
dummy_2,2014.6818181818182,72247895271.4045
dummy_1,2014.7272727272727,71913965211.79266
dummy_2,2014.7272727272727,71913965211.79266
dummy_1,2014.7727272727273,71694921298.25363
dummy_2,2014.7727272727273,71694921298.25363
dummy_1,2014.8181818181818,71555372891.31999
dummy_2,2014.8181818181818,71555372891.31999
dummy_1,2014.8636363636363,71468116660.85844
dummy_2,2014.8636363636363,71468116660.85844
dummy_1,2014.909090909091,71414193955.37321
dummy_2,2014.909090909091,71414193955.37321
dummy_1,2014.9545454545455,71381112058.16324
dummy_2,2014.9545454545455,71381112058.16324
dummy_1,2015.0,71329550000.0
dummy_2,2015.0,71329550000.0
dummy_1,2015.0454545454545,71266753991.56035
dummy_2,2015.0454545454545,71266753991.56035
dummy_1,2015.090909090909,71226464461.42133
dummy_2,2015.090909090909,71226464461.42133
dummy_1,2015.1363636363637,71160793485.72017
dummy_2,2015.1363636363637,71160793485.72017
dummy_1,2015.1818181818182,71054526529.36386
dummy_2,2015.1818181818182,71054526529.36386
dummy_1,2015.2272727272727,70884574373.61783
dummy_2,2015.2272727272727,70884574373.61783
dummy_1,2015.2727272727273,70617806833.04169
dummy_2,2015.2727272727273,70617806833.04169
dummy_1,2015.3181818181818,70211122623.98137
dummy_2,2015.3181818181818,70211122623.98137
dummy_1,2015.3636363636363,69617933401.61066
dummy_2,2015.3636363636363,69617933401.61066
dummy_1,2015.409090909091,68806193666.92494
dummy_2,2015.409090909091,68806193666.92494
dummy_1,2015.4545454545455,67787255797.96796
dummy_2,2015.4545454545455,67787255797.96796
dummy_1,2015.5,66638275000.0
dummy_2,2015.5,66638275000.0
dummy_1,2015.5454545454545,65489294202.03204
dummy_2,2015.5454545454545,65489294202.03204
dummy_1,2015.590909090909,64470356333.07506
dummy_2,2015.590909090909,64470356333.07506
dummy_1,2015.6363636363637,63658616598.38934
dummy_2,2015.6363636363637,63658616598.38934
dummy_1,2015.6818181818182,63065427376.01863
dummy_2,2015.6818181818182,63065427376.01863
dummy_1,2015.7272727272727,62658743166.95831
dummy_2,2015.7272727272727,62658743166.95831
dummy_1,2015.7727272727273,62391975626.38217
dummy_2,2015.7727272727273,62391975626.38217
dummy_1,2015.8181818181818,62222023470.63614
dummy_2,2015.8181818181818,62222023470.63614
dummy_1,2015.8636363636363,62115756514.27983
dummy_2,2015.8636363636363,62115756514.27983
dummy_1,2015.909090909091,62050085538.578674
dummy_2,2015.909090909091,62050085538.578674
dummy_1,2015.9545454545455,62009796008.43965
dummy_2,2015.9545454545455,62009796008.43965
dummy_1,2016.0,61947000000.0
dummy_2,2016.0,61947000000.0
dummy_1,2016.0454545454545,61855695793.048355
dummy_2,2016.0454545454545,61855695793.048355
dummy_1,2016.090909090909,61797115579.286316
dummy_2,2016.090909090909,61797115579.286316
dummy_1,2016.1363636363637,61701631224.38666
dummy_2,2016.1363636363637,61701631224.38666
dummy_1,2016.1818181818182,61547121082.478455
dummy_2,2016.1818181818182,61547121082.478455
dummy_1,2016.2272727272727,61300013866.81798
dummy_2,2016.2272727272727,61300013866.81798
dummy_1,2016.2727272727273,60912138915.24118
dummy_2,2016.2727272727273,60912138915.24118
dummy_1,2016.3181818181818,60320827777.62816
dummy_2,2016.3181818181818,60320827777.62816
dummy_1,2016.3636363636363,59458341882.957504
dummy_2,2016.3636363636363,59458341882.957504
dummy_1,2016.409090909091,58278087682.59946
dummy_2,2016.409090909091,58278087682.59946
dummy_1,2016.4545454545455,56796571319.222275
dummy_2,2016.4545454545455,56796571319.222275
dummy_1,2016.5,55125975000.0
dummy_2,2016.5,55125975000.0
dummy_1,2016.5454545454545,53455378680.77771
dummy_2,2016.5454545454545,53455378680.77771
dummy_1,2016.590909090909,51973862317.40054
dummy_2,2016.590909090909,51973862317.40054
dummy_1,2016.6363636363637,50793608117.04251
dummy_2,2016.6363636363637,50793608117.04251
dummy_1,2016.6818181818182,49931122222.37186
dummy_2,2016.6818181818182,49931122222.37186
dummy_1,2016.7272727272727,49339811084.75882
dummy_2,2016.7272727272727,49339811084.75882
dummy_1,2016.7727272727273,48951936133.18201
dummy_2,2016.7727272727273,48951936133.18201
dummy_1,2016.8181818181818,48704828917.521545
dummy_2,2016.8181818181818,48704828917.521545
dummy_1,2016.8636363636363,48550318775.61334
dummy_2,2016.8636363636363,48550318775.61334
dummy_1,2016.909090909091,48454834420.713715
dummy_2,2016.909090909091,48454834420.713715
dummy_1,2016.9545454545455,48396254206.95163
dummy_2,2016.9545454545455,48396254206.95163
dummy_1,2017.0,48304950000.0
dummy_2,2017.0,48304950000.0
dummy_1,2017.0454545454545,48213307134.791595
dummy_2,2017.0454545454545,48213307134.791595
dummy_1,2017.090909090909,48154509639.9892
dummy_2,2017.090909090909,48154509639.9892
dummy_1,2017.1363636363637,48058671122.16257
dummy_2,2017.1363636363637,48058671122.16257
dummy_1,2017.1818181818182,47903587883.60245
dummy_2,2017.1818181818182,47903587883.60245
dummy_1,2017.2272727272727,47655564117.63519
dummy_2,2017.2272727272727,47655564117.63519
dummy_1,2017.2727272727273,47266250491.33212
dummy_2,2017.2727272727273,47266250491.33212
dummy_1,2017.3181818181818,46672746109.773865
dummy_2,2017.3181818181818,46672746109.773865
dummy_1,2017.3636363636363,45807061151.45291
dummy_2,2017.3636363636363,45807061151.45291
dummy_1,2017.409090909091,44622429246.67813
dummy_2,2017.409090909091,44622429246.67813
dummy_1,2017.4545454545455,43135417761.38107
dummy_2,2017.4545454545455,43135417761.38107
dummy_1,2017.5,41458625000.0
dummy_2,2017.5,41458625000.0
dummy_1,2017.5454545454545,39781832238.61893
dummy_2,2017.5454545454545,39781832238.61893
dummy_1,2017.590909090909,38294820753.32187
dummy_2,2017.590909090909,38294820753.32187
dummy_1,2017.6363636363637,37110188848.54709
dummy_2,2017.6363636363637,37110188848.54709
dummy_1,2017.6818181818182,36244503890.226135
dummy_2,2017.6818181818182,36244503890.226135
dummy_1,2017.7272727272727,35650999508.66788
dummy_2,2017.7272727272727,35650999508.66788
dummy_1,2017.7727272727273,35261685882.36481
dummy_2,2017.7727272727273,35261685882.36481
dummy_1,2017.8181818181818,35013662116.39755
dummy_2,2017.8181818181818,35013662116.39755
dummy_1,2017.8636363636363,34858578877.83743
dummy_2,2017.8636363636363,34858578877.83743
dummy_1,2017.909090909091,34762740360.0108
dummy_2,2017.909090909091,34762740360.0108
dummy_1,2017.9545454545455,34703942865.208405
dummy_2,2017.9545454545455,34703942865.208405
dummy_1,2018.0,34612300000.0
dummy_2,2018.0,34612300000.0
dummy_1,2018.0454545454545,34503101452.17462
dummy_2,2018.0454545454545,34503101452.17462
dummy_1,2018.090909090909,34433040340.12201
dummy_2,2018.090909090909,34433040340.12201
dummy_1,2018.1363636363637,34318842394.12149
dummy_2,2018.1363636363637,34318842394.12149
dummy_1,2018.1818181818182,34134050436.730103
dummy_2,2018.1818181818182,34134050436.730103
dummy_1,2018.2272727272727,33838513680.996765
dummy_2,2018.2272727272727,33838513680.996765
dummy_1,2018.2727272727273,33374620692.227386
dummy_2,2018.2727272727273,33374620692.227386
dummy_1,2018.3181818181818,32667420885.163727
dummy_2,2018.3181818181818,32667420885.163727
dummy_1,2018.3636363636363,31635899881.232666
dummy_2,2018.3636363636363,31635899881.232666
dummy_1,2018.409090909091,30224332451.353577
dummy_2,2018.409090909091,30224332451.353577
dummy_1,2018.4545454545455,28452459710.09012
dummy_2,2018.4545454545455,28452459710.09012
dummy_1,2018.5,26454450000.0
dummy_2,2018.5,26454450000.0
dummy_1,2018.5454545454545,24456440289.90988
dummy_2,2018.5454545454545,24456440289.90988
dummy_1,2018.590909090909,22684567548.646423
dummy_2,2018.590909090909,22684567548.646423
dummy_1,2018.6363636363637,21273000118.767365
dummy_2,2018.6363636363637,21273000118.767365
dummy_1,2018.6818181818182,20241479114.836273
dummy_2,2018.6818181818182,20241479114.836273
dummy_1,2018.7272727272727,19534279307.772583
dummy_2,2018.7272727272727,19534279307.772583
dummy_1,2018.7727272727273,19070386319.003204
dummy_2,2018.7727272727273,19070386319.003204
dummy_1,2018.8181818181818,18774849563.269897
dummy_2,2018.8181818181818,18774849563.269897
dummy_1,2018.8636363636363,18590057605.87848
dummy_2,2018.8636363636363,18590057605.87848
dummy_1,2018.909090909091,18475859659.87799
dummy_2,2018.909090909091,18475859659.87799
dummy_1,2018.9545454545455,18405798547.82538
dummy_2,2018.9545454545455,18405798547.82538
dummy_1,2019.0,18296600000.0
dummy_2,2019.0,18296600000.0
dummy_1,2019.0454545454545,18408925447.77716
dummy_2,2019.0454545454545,18408925447.77716
dummy_1,2019.090909090909,18480992759.474976
dummy_2,2019.090909090909,18480992759.474976
dummy_1,2019.1363636363637,18598460763.17279
dummy_2,2019.1363636363637,18598460763.17279
dummy_1,2019.1818181818182,18788544237.47693
dummy_2,2019.1818181818182,18788544237.47693
dummy_1,2019.2272727272727,19092543686.951782
dummy_2,2019.2272727272727,19092543686.951782
dummy_1,2019.2727272727273,19569720249.478516
dummy_2,2019.2727272727273,19569720249.478516
dummy_1,2019.3181818181818,20297170720.005005
dummy_2,2019.3181818181818,20297170720.005005
dummy_1,2019.3636363636363,21358229323.489685
dummy_2,2019.3636363636363,21358229323.489685
dummy_1,2019.409090909091,22810216980.71048
dummy_2,2019.409090909091,22810216980.71048
dummy_1,2019.4545454545455,24632827290.372406
dummy_2,2019.4545454545455,24632827290.372406
dummy_1,2019.5,26688050000.0
dummy_2,2019.5,26688050000.0
dummy_1,2019.5454545454545,28743272709.627625
dummy_2,2019.5454545454545,28743272709.627625
dummy_1,2019.590909090909,30565883019.28952
dummy_2,2019.590909090909,30565883019.28952
dummy_1,2019.6363636363637,32017870676.510315
dummy_2,2019.6363636363637,32017870676.510315
dummy_1,2019.6818181818182,33078929279.994995
dummy_2,2019.6818181818182,33078929279.994995
dummy_1,2019.7272727272727,33806379750.521484
dummy_2,2019.7272727272727,33806379750.521484
dummy_1,2019.7727272727273,34283556313.048218
dummy_2,2019.7727272727273,34283556313.048218
dummy_1,2019.8181818181818,34587555762.52307
dummy_2,2019.8181818181818,34587555762.52307
dummy_1,2019.8636363636363,34777639236.82721
dummy_2,2019.8636363636363,34777639236.82721
dummy_1,2019.909090909091,34895107240.525024
dummy_2,2019.909090909091,34895107240.525024
dummy_1,2019.9545454545455,34967174552.22284
dummy_2,2019.9545454545455,34967174552.22284
dummy_1,2020.0,35079500000.0
dummy_2,2020.0,35079500000.0
dummy_1,2020.0454545454545,35008764931.793945
dummy_2,2020.0454545454545,35008764931.793945
dummy_1,2020.090909090909,34963381750.07291
dummy_2,2020.090909090909,34963381750.07291
dummy_1,2020.1363636363637,34889408243.463135
dummy_2,2020.1363636363637,34889408243.463135
dummy_1,2020.1818181818182,34769706361.24661
dummy_2,2020.1818181818182,34769706361.24661
dummy_1,2020.2272727272727,34578267802.85458
dummy_2,2020.2272727272727,34578267802.85458
dummy_1,2020.2727272727273,34277773859.900482
dummy_2,2020.2727272727273,34277773859.900482
dummy_1,2020.3181818181818,33819674117.878723
dummy_2,2020.3181818181818,33819674117.878723
dummy_1,2020.3636363636363,33151490245.271576
dummy_2,2020.3636363636363,33151490245.271576
dummy_1,2020.409090909091,32237125352.895874
dummy_2,2020.409090909091,32237125352.895874
dummy_1,2020.4545454545455,31089367056.639587
dummy_2,2020.4545454545455,31089367056.639587
dummy_1,2020.5,29795125000.0
dummy_2,2020.5,29795125000.0
dummy_1,2020.5454545454545,28500882943.360413
dummy_2,2020.5454545454545,28500882943.360413
dummy_1,2020.590909090909,27353124647.104126
dummy_2,2020.590909090909,27353124647.104126
dummy_1,2020.6363636363637,26438759754.728424
dummy_2,2020.6363636363637,26438759754.728424
dummy_1,2020.6818181818182,25770575882.121277
dummy_2,2020.6818181818182,25770575882.121277
dummy_1,2020.7272727272727,25312476140.099518
dummy_2,2020.7272727272727,25312476140.099518
dummy_1,2020.7727272727273,25011982197.145416
dummy_2,2020.7727272727273,25011982197.145416
dummy_1,2020.8181818181818,24820543638.753387
dummy_2,2020.8181818181818,24820543638.753387
dummy_1,2020.8636363636363,24700841756.536865
dummy_2,2020.8636363636363,24700841756.536865
dummy_1,2020.909090909091,24626868249.927094
dummy_2,2020.909090909091,24626868249.927094
dummy_1,2020.9545454545455,24581485068.206055
dummy_2,2020.9545454545455,24581485068.206055
dummy_1,2021.0,24510750000.0
dummy_2,2021.0,24510750000.0
dummy_1,2021.0454545454545,24453261087.700745
dummy_2,2021.0454545454545,24453261087.700745
dummy_1,2021.090909090909,24416376557.58026
dummy_2,2021.090909090909,24416376557.58026
dummy_1,2021.1363636363637,24356255650.909607
dummy_2,2021.1363636363637,24356255650.909607
dummy_1,2021.1818181818182,24258969662.73813
dummy_2,2021.1818181818182,24258969662.73813
dummy_1,2021.2272727272727,24103380719.753967
dummy_2,2021.2272727272727,24103380719.753967
dummy_1,2021.2727272727273,23859158576.889526
dummy_2,2021.2727272727273,23859158576.889526
dummy_1,2021.3181818181818,23486844580.99878
dummy_2,2021.3181818181818,23486844580.99878
dummy_1,2021.3636363636363,22943787720.71292
dummy_2,2021.3636363636363,22943787720.71292
dummy_1,2021.409090909091,22200650767.000305
dummy_2,2021.409090909091,22200650767.000305
dummy_1,2021.4545454545455,21267826671.291504
dummy_2,2021.4545454545455,21267826671.291504
dummy_1,2021.5,20215950000.0
dummy_2,2021.5,20215950000.0
dummy_1,2021.5454545454545,19164073328.708496
dummy_2,2021.5454545454545,19164073328.708496
dummy_1,2021.590909090909,18231249232.999695
dummy_2,2021.590909090909,18231249232.999695
dummy_1,2021.6363636363637,17488112279.28708
dummy_2,2021.6363636363637,17488112279.28708
dummy_1,2021.6818181818182,16945055419.00122
dummy_2,2021.6818181818182,16945055419.00122
dummy_1,2021.7272727272727,16572741423.110474
dummy_2,2021.7272727272727,16572741423.110474
dummy_1,2021.7727272727273,16328519280.246033
dummy_2,2021.7727272727273,16328519280.246033
dummy_1,2021.8181818181818,16172930337.261871
dummy_2,2021.8181818181818,16172930337.261871
dummy_1,2021.8636363636363,16075644349.090393
dummy_2,2021.8636363636363,16075644349.090393
dummy_1,2021.909090909091,16015523442.41977
dummy_2,2021.909090909091,16015523442.41977
dummy_1,2021.9545454545455,15978638912.299255
dummy_2,2021.9545454545455,15978638912.299255
dummy_1,2022.0,15921150000.0
dummy_2,2022.0,15921150000.0
dummy_1,2022.0454545454545,15869678629.966797
dummy_2,2022.0454545454545,15869678629.966797
dummy_1,2022.090909090909,15836654917.699432
dummy_2,2022.090909090909,15836654917.699432
dummy_1,2022.1363636363637,15782827052.28653
dummy_2,2022.1363636363637,15782827052.28653
dummy_1,2022.1818181818182,15695724289.406677
dummy_2,2022.1818181818182,15695724289.406677
dummy_1,2022.2272727272727,15556421322.327942
dummy_2,2022.2272727272727,15556421322.327942
dummy_1,2022.2727272727273,15337762666.54663
dummy_2,2022.2727272727273,15337762666.54663
dummy_1,2022.3181818181818,15004419928.188904
dummy_2,2022.3181818181818,15004419928.188904
dummy_1,2022.3636363636363,14518206509.167206
dummy_2,2022.3636363636363,14518206509.167206
dummy_1,2022.409090909091,13852855998.95404
dummy_2,2022.409090909091,13852855998.95404
dummy_1,2022.4545454545455,13017673486.60788
dummy_2,2022.4545454545455,13017673486.60788
dummy_1,2022.5,12075900000.0
dummy_2,2022.5,12075900000.0
dummy_1,2022.5454545454545,11134126513.39212
dummy_2,2022.5454545454545,11134126513.39212
dummy_1,2022.590909090909,10298944001.04596
dummy_2,2022.590909090909,10298944001.04596
dummy_1,2022.6363636363637,9633593490.832764
dummy_2,2022.6363636363637,9633593490.832764
dummy_1,2022.6818181818182,9147380071.811096
dummy_2,2022.6818181818182,9147380071.811096
dummy_1,2022.7272727272727,8814037333.45337
dummy_2,2022.7272727272727,8814037333.45337
dummy_1,2022.7727272727273,8595378677.672058
dummy_2,2022.7727272727273,8595378677.672058
dummy_1,2022.8181818181818,8456075710.593323
dummy_2,2022.8181818181818,8456075710.593323
dummy_1,2022.8636363636363,8368972947.71344
dummy_2,2022.8636363636363,8368972947.71344
dummy_1,2022.909090909091,8315145082.300568
dummy_2,2022.909090909091,8315145082.300568
dummy_1,2022.9545454545455,8282121370.033234
dummy_2,2022.9545454545455,8282121370.033234
dummy_1,2023.0,8230650000.0
dummy_2,2023.0,8230650000.0
dummy_1,2023.0454545454545,8175563486.540039
dummy_2,2023.0454545454545,8175563486.540039
dummy_1,2023.090909090909,8140220320.637512
dummy_2,2023.090909090909,8140220320.637512
dummy_1,2023.1363636363637,8082611800.975494
dummy_2,2023.1363636363637,8082611800.975494
dummy_1,2023.1818181818182,7989391287.9664
dummy_2,2023.1818181818182,7989391287.9664
dummy_1,2023.2272727272727,7840304236.931061
dummy_2,2023.2272727272727,7840304236.931061
dummy_1,2023.2727272727273,7606287870.608124
dummy_2,2023.2727272727273,7606287870.608124
dummy_1,2023.3181818181818,7249532469.858673
dummy_2,2023.3181818181818,7249532469.858673
dummy_1,2023.3636363636363,6729169362.483215
dummy_2,2023.3636363636363,6729169362.483215
dummy_1,2023.409090909091,6017087290.20105
dummy_2,2023.409090909091,6017087290.20105
dummy_1,2023.4545454545455,5123244894.356537
dummy_2,2023.4545454545455,5123244894.356537
dummy_1,2023.5,4115325000.0
dummy_2,2023.5,4115325000.0
dummy_1,2023.5454545454545,3107405105.643463
dummy_2,2023.5454545454545,3107405105.643463
dummy_1,2023.590909090909,2213562709.79895
dummy_2,2023.590909090909,2213562709.79895
dummy_1,2023.6363636363637,1501480637.5167847
dummy_2,2023.6363636363637,1501480637.5167847
dummy_1,2023.6818181818182,981117530.1413269
dummy_2,2023.6818181818182,981117530.1413269
dummy_1,2023.7272727272727,624362129.3918762
dummy_2,2023.7272727272727,624362129.3918762
dummy_1,2023.7727272727273,390345763.0689392
dummy_2,2023.7727272727273,390345763.0689392
dummy_1,2023.8181818181818,241258712.03359985
dummy_2,2023.8181818181818,241258712.03359985
dummy_1,2023.8636363636363,148038199.02450562
dummy_2,2023.8636363636363,148038199.02450562
dummy_1,2023.909090909091,90429679.3624878
dummy_2,2023.909090909091,90429679.3624878
dummy_1,2023.9545454545455,55086513.45996094
dummy_2,2023.9545454545455,55086513.45996094
dummy_1,2024.0,0.0
dummy_2,2024.0,0.0
